SALE TYPE,SOLD DATE,PROPERTY TYPE,ADDRESS,CITY,STATE OR PROVINCE,ZIP OR POSTAL CODE,PRICE,BEDS,BATHS,LOCATION,SQUARE FEET,LOT SIZE,YEAR BUILT,DAYS ON MARKET,$/SQUARE FEET,HOA/MONTH,STATUS,NEXT OPEN HOUSE START TIME,NEXT OPEN HOUSE END TIME,URL (SEE https://www.redfin.com/buy-a-home/comparative-market-analysis FOR INFO ON PRICING),SOURCE,MLS#,FAVORITE,INTERESTED,LATITUDE,LONGITUDE
"In accordance with local MLS rules, some MLS listings are not included in the download"
PAST SALE,April-21-2023,Single Family Residential,2004 Timmerman Rd,Cortland,NY,13045,534000,4,3.0,Virgil,3116,444312,1834,,171,,Sold,,,https://www.redfin.com/NY/Cortland/2004-Timmerman-Rd-13045/home/125551743,CNYIS,S1466307,N,Y,42.5011887,-76.1915569
PAST SALE,,Single Family Residential,17 Bellrose Ave,Cortland,NY,13045,87500,3,1.5,,1050,5365,1948,,83,,,,,https://www.redfin.com/NY/Cortland/17-Bellrose-Ave-13045/home/125463729,,,N,Y,42.5993698,-76.1934668
PAST SALE,November-4-2025,Single Family Residential,7 Sunnyfield Dr,Cortland,NY,13045,160000,3,1.0,Cortland,1230,6500,1971,,130,,Sold,,,https://www.redfin.com/NY/Cortland/7-Sunnyfield-Dr-13045/home/125282860,CNYIS,S1632369,N,Y,42.588588,-76.1698859
PAST SALE,,Single Family Residential,6005 Morningstar Dr,Homer,NY,13077,275000,3,1.0,,1132,11322,1974,,243,,,,,https://www.redfin.com/NY/Homer/6005-Morningstar-Dr-13077/home/125336509,,,N,Y,42.6970344,-76.1620028
PAST SALE,,Single Family Residential,18 Elm Ave,Homer,NY,13077,224000,4,2.0,,1886,9425,1895,,119,,,,,https://www.redfin.com/NY/Homer/18-Elm-Ave-13077/home/125384643,,,N,Y,42.6381923,-76.1809363
PAST SALE,,Single Family Residential,3630 US Highway 11,Marathon,NY,13803,96000,3,2.0,,1638,58806,1900,,59,,,,,https://www.redfin.com/NY/Marathon/3630-US-Highway-11-13803/home/125320111,,,N,Y,42.583085,-76.126713
PAST SALE,,Single Family Residential,431 Surrey Dr,Cortland,NY,13045,600000,4,2.5,,1972,31868,1967,,304,,,,,https://www.redfin.com/NY/Cortland/431-Surrey-Dr-13045/home/108465605,,,N,Y,42.5774098,-76.2469815
PAST SALE,,Multi-Family (2-4 Unit),80 Maple Ave #2,Cortland,NY,13045,54000,4,2.0,,1352,4181,1900,,40,,,,,https://www.redfin.com/NY/Cortland/80-Maple-Ave-13045/unit-2/home/125266430,,,N,Y,42.6029498,-76.1870455
PAST SALE,December-23-2025,Single Family Residential,9 Levydale Park,Cortland,NY,13045,175000,2,1.0,Cortland,1563,18300,1930,,112,,Sold,,,https://www.redfin.com/NY/Cortland/9-Levydale-Park-13045/home/125298110,CNYIS,S1655648,N,Y,42.5867068,-76.195801
PAST SALE,,Multi-Family (2-4 Unit),2736 Cincinnatus Rd,Cincinnatus,NY,13040,135000,8,3.0,,3298,10311,1930,,41,,,,,https://www.redfin.com/NY/Cincinnatus/2736-Cincinnatus-Rd-13040/home/125538892,,,N,Y,42.539673,-75.895671
PAST SALE,,Single Family Residential,50 Lincoln Ave,Cortland,NY,13045,152500,4,1.5,,1338,3284,1900,,114,,,,,https://www.redfin.com/NY/Cortland/50-Lincoln-Ave-13045/home/125471498,,,N,Y,42.6021158,-76.1851437
PAST SALE,April-24-2023,Single Family Residential,916 Daisy Hollow Rd,Dryden,NY,13053,210000,3,2.0,Dryden,1456,293594,1990,,144,,Sold,,,https://www.redfin.com/NY/Dryden/916-Daisy-Hollow-Rd-13053/home/125498431,IBRMLS,IB408084,N,Y,42.4531532,-76.2396336
PAST SALE,,Vacant Land,81 State Route 38,Richford,NY,13835,225000,3,2.0,,1798,857636,1879,,125,,,,,https://www.redfin.com/NY/Richford/81-State-Route-38-13835/home/184480395,,,N,Y,42.4121882,-76.2071551
PAST SALE,January-3-2024,Single Family Residential,6086 Stevens Rd,Homer,NY,13077,349900,4,3.0,Homer,2250,124582,1973,,156,,Sold,,,https://www.redfin.com/NY/Homer/6086-Stevens-Rd-13077/home/125557795,IBRMLS,R1503079,N,Y,42.7009976,-76.1833704
PAST SALE,,Single Family Residential,8 Pearne Ave,Cortland,NY,13045,240000,2,1.5,,1507,5000,1890,,159,,,,,https://www.redfin.com/NY/Cortland/8-Pearne-Ave-13045/home/125380690,,,N,Y,42.6072704,-76.1802702
PAST SALE,November-8-2023,Single Family Residential,2190 New York 221,Marathon,NY,13803,87000,1,1.5,Marathon,1200,44867,2005,,73,,Sold,,,https://www.redfin.com/NY/Marathon/2190-State-Route-221-13803/home/125344475,IBRMLS,IB409076,N,Y,42.427983,-76.1313385
PAST SALE,February-23-2023,Single Family Residential,6 Broadway Ave,Cortland,NY,13045,161000,3,1.5,Cortland,1590,6889,1910,,101,,Sold,,,https://www.redfin.com/NY/Cortland/6-Broadway-Ave-13045/home/125307753,CNYIS,S1451682,N,Y,42.5914905,-76.191724
PAST SALE,,Vacant Land,973 Beechwood Ln,Cortland,NY,13045,40000,,,,,21889,,,,,,,,https://www.redfin.com/NY/Cortland/973-Beechwood-Ln-13045/home/125401231,,,N,Y,42.5705139,-76.2108452
PAST SALE,,Single Family Residential,4633 McGraw North Rd,Mc Graw,NY,13101,360000,4,3.5,,2592,95832,2005,,139,,,,,https://www.redfin.com/NY/Mc-Graw/4633-McGraw-North-Rd-13101/home/125346064,,,N,Y,42.6310192,-76.0909242
PAST SALE,,Multi-Family (2-4 Unit),99 Elm St Unit B,Cortland,NY,13045,232500,4,2.0,,1576,5497,1920,,148,,,,,https://www.redfin.com/NY/Cortland/99-Elm-St-13045/unit-B/home/125409918,,,N,Y,42.6020777,-76.1681259
PAST SALE,,Single Family Residential,5695 Telephone Road Ext,Cincinnatus,NY,13040,75000,3,1.0,,1740,6709,1880,,43,,,,,https://www.redfin.com/NY/Cincinnatus/5695-Telephone-Road-Ext-13040/home/125311609,,,N,Y,42.541975,-75.9002984
PAST SALE,,Multi-Family (2-4 Unit),34 Union St,Cortland,NY,13045,85000,4,2.0,,1910,6634,1910,,45,,,,,https://www.redfin.com/NY/Cortland/34-Union-St-13045/home/125327032,,,N,Y,42.5931052,-76.1829299
PAST SALE,,Single Family Residential,1166 State Route 41,Willet,NY,13863,310000,4,1.0,,2040,153767,1870,,152,,,,,https://www.redfin.com/NY/Willet/1166-State-Route-41-13863/home/125388281,,,N,Y,42.4635746,-75.887153
PAST SALE,,Multi-Family (2-4 Unit),28 South Ave,Cortland,NY,13045,100000,,,,4330,6591,,,23,,,,,https://www.redfin.com/NY/Cortland/28-South-Ave-13045/home/125534551,,,N,Y,42.5921134,-76.1833519
PAST SALE,May-24-2024,Single Family Residential,812 S Lamont Dr,Cortland,NY,13045,185000,3,1.5,Lamont Acres Sec A,1862,9270,1964,,99,,Sold,,,https://www.redfin.com/NY/Cortland/812-S-Lamont-Dr-13045/home/125381665,CNYIS,S1527010,N,Y,42.5754038,-76.2212223
PAST SALE,,Vacant Land,Hauck Hill Rd,Cortland,NY,13045,150000,,,,,2700720,,,,,,,,https://www.redfin.com/NY/Cortland/Hauck-Hill-Rd-13045/home/125343697,,,N,Y,42.49239,-76.191624
PAST SALE,,Multi-Family (2-4 Unit),165 Central Ave #2,Cortland,NY,13045,155000,4,2.0,,1774,7592,1900,,87,,,,,https://www.redfin.com/NY/Cortland/165-Central-Ave-13045/unit-2/home/125538368,,,N,Y,42.6004208,-76.1670298
PAST SALE,,Single Family Residential,10 Hickory Park Rd,Cortland,NY,13045,420000,3,2.5,,1962,12150,1978,,214,,,,,https://www.redfin.com/NY/Cortland/10-Hickory-Park-Rd-13045/home/125495758,,,N,Y,42.6120853,-76.1589291
PAST SALE,June-27-2024,Vacant Land,0 Ny-392,Cortland,NY,13045,29000,,,,,54450,,,,,Sold,,,https://www.redfin.com/NY/Cortland/Unknown-13045/home/190462698,UNYREIS,EC274022,N,Y,42.493409,-76.115848
PAST SALE,,Single Family Residential,3 Suits Ave,Homer,NY,13077,225000,3,2.0,,1488,22043,1970,,151,,,,,https://www.redfin.com/NY/Homer/3-Suits-Ave-13077/home/125427421,,,N,Y,42.6469829,-76.1903509
PAST SALE,July-9-2024,Multi-Family (5+ Unit),147 Madison St #143,Cortland,NY,13045,850000,15,,Cortland,13794,33390,1890,,62,,Sold,,,https://www.redfin.com/NY/Cortland/147-Madison-St-13045/unit-143/home/125554266,CNYIS,S1551021,N,Y,42.6035608,-76.1950651
PAST SALE,,Multi-Family (5+ Unit),21 Bartlett Ave #19,Cortland,NY,13045,180000,,,,5310,6091,,,34,,,,,https://www.redfin.com/NY/Cortland/21-Bartlett-Ave-13045/unit-19/home/125422026,,,N,Y,42.5967366,-76.1681188
PAST SALE,,Single Family Residential,3672 Abdallah Ave,Cortland,NY,13045,192500,3,1.0,,1200,7086,1955,,160,,,,,https://www.redfin.com/NY/Cortland/3672-Abdallah-Ave-13045/home/125483597,,,N,Y,42.5846679,-76.1963503
PAST SALE,April-20-2023,Single Family Residential,5 Lebanon Dr,Cortland,NY,13045,220000,3,1.5,Fred T Isaf,1590,20690,1971,,138,,Sold,,,https://www.redfin.com/NY/Cortland/5-Lebanon-Dr-13045/home/125513011,CNYIS,S1466373,N,Y,42.6025389,-76.1951576
PAST SALE,February-13-2023,Vacant Land,807 State Route 13 (elmira Rd) Ave,Ithaca,NY,14850,43000,,,Ithaca City,,63162,,,,,Sold,,,https://www.redfin.com/NY/Ithaca/807-14850/home/188868183,IBRMLS,IB405997,N,Y,42.565969,-76.222206
PAST SALE,,Single Family Residential,23 Mildred Ave,Cortland,NY,13045,70000,3,1.0,,1670,6320,1954,,42,,,,,https://www.redfin.com/NY/Cortland/23-Mildred-Ave-13045/home/125453243,,,N,Y,42.6059185,-76.1955619
PAST SALE,,Vacant Land,May Rd,Cincinnatus,NY,13040,52000,,,,,684328,,,,,,,,https://www.redfin.com/NY/Cincinnatus/May-Rd-13040/home/125609020,,,N,Y,42.572974,-75.976162
PAST SALE,March-29-2024,Vacant Land,1256 Route 221,Marathon,NY,13803,12000,,,Marathon,,11900,,,,,Sold,,,https://www.redfin.com/NY/Marathon/1256-State-Route-221-13803/home/125294209,IBRMLS,IB408499,N,Y,42.4344528,-76.1920679
PAST SALE,,Single Family Residential,4609 Briar Hill Rd,Cortland,NY,13045,450000,4,2.5,,2504,87120,1986,,180,,,,,https://www.redfin.com/NY/Cortland/4609-Briar-Hill-Rd-13045/home/125440673,,,N,Y,42.6304086,-76.2138039
PAST SALE,,Single Family Residential,5949 Brackel Rd,Cincinnatus,NY,13040,175000,3,2.5,,2590,215186,1880,,68,,,,,https://www.redfin.com/NY/Cincinnatus/5949-Brackel-Rd-13040/home/125512740,,,N,Y,42.53708,-75.883617
PAST SALE,September-13-2024,Single Family Residential,27 Charles St,Cortland,NY,13045,144329,4,2.0,Cortland,2234,7088,1920,,65,,Sold,,,https://www.redfin.com/NY/Cortland/27-Charles-St-13045/unit-2/home/125308287,CNYIS,S1551009,N,Y,42.6036167,-76.1792225
PAST SALE,April-24-2023,Single Family Residential,188 Creamery Rd,Richford,NY,13835,350000,4,2.5,Harford,2200,241322,2005,,159,,Sold,,,https://www.redfin.com/NY/Richford/188-Creamery-Rd-13835/home/125584668,IBRMLS,IB407818,N,Y,42.4130631,-76.2307798
PAST SALE,,Single Family Residential,4973 Lincklaen Rd,Truxton,NY,13158,75000,2,1.0,,900,14662,1880,,83,,,,,https://www.redfin.com/NY/Truxton/4973-Lincklaen-Rd-13158/home/125523070,,,N,Y,42.7371138,-75.9475084
PAST SALE,January-17-2025,Vacant Land,4545 Sportsman Club Rd,Cincinnatus,NY,13040,110000,4,1.5,Solon,1869,987941,1867,,59,,Sold,,,https://www.redfin.com/NY/Cincinnatus/4545-Sportsman-Club-Rd-13040/home/125510883,CNYIS,S1576985,N,Y,42.628338,-76.0001061
PAST SALE,,Single Family Residential,171 Madison St,Cortland,NY,13045,130000,3,1.0,,1300,5523,1930,,100,,,,,https://www.redfin.com/NY/Cortland/171-Madison-St-13045/home/125375925,,,N,Y,42.6032646,-76.197714
PAST SALE,,Single Family Residential,2292 Harvey Hill Rd,Marathon,NY,13803,130000,2,2.5,,1716,2490325,2002,,76,,,,,https://www.redfin.com/NY/Marathon/2292-Harvey-Hill-Rd-13803/home/125349602,,,N,Y,42.454985,-76.1250079
PAST SALE,,Vacant Land,492 Owego Hill Rd,Harford,NY,13784,54547,,,,,1357765,,,,,,,,https://www.redfin.com/NY/Harford/492-Owego-Hill-Rd-13784/home/125486662,,,N,Y,42.432904,-76.21332
PAST SALE,,Single Family Residential,94 Greenbush St,Cortland,NY,13045,149500,3,1.5,,1289,5151,1920,,116,,,,,https://www.redfin.com/NY/Cortland/94-Greenbush-St-13045/home/125319791,,,N,Y,42.5951613,-76.1753884
PAST SALE,,Single Family Residential,8 W Main St,Marathon,NY,13803,45000,4,1.5,,1600,2066,1870,,28,,,,,https://www.redfin.com/NY/Marathon/8-W-Main-St-13803/home/125385423,,,N,Y,42.4403007,-76.0367378
PAST SALE,March-24-2023,Single Family Residential,159 Landers Corners Rd,Willet,NY,13863,25400,3,1.0,Willet,1388,130680,1905,,18,,Sold,,,https://www.redfin.com/NY/Willet/159-Landers-Corners-Rd-13863/home/125449124,UNYREIS,OD137556,N,Y,42.4148349,-75.94299
PAST SALE,,Single Family Residential,92 Lincoln Ave,Cortland,NY,13045,60000,4,1.0,,1340,1779,1920,,45,,,,,https://www.redfin.com/NY/Cortland/92-Lincoln-Ave-13045/home/125266565,,,N,Y,42.6021113,-76.1894001
PAST SALE,,Single Family Residential,225 Port Watson St Unit B,Cortland,NY,13045,120000,3,2.0,,1870,15203,1910,,64,,,,,https://www.redfin.com/NY/Cortland/225-Port-Watson-St-13045/unit-B/home/125582327,,,N,Y,42.5982443,-76.1613428
PAST SALE,,Single Family Residential,2 Sunset Dr,Homer,NY,13077,250000,4,3.5,,2654,16650,1958,,94,,,,,https://www.redfin.com/NY/Homer/2-Sunset-Dr-13077/home/125539844,,,N,Y,42.6497853,-76.1811816
PAST SALE,December-1-2023,Single Family Residential,83 N Main St,Homer,NY,13077,128000,2,1.0,Homer,907,8303,1890,,141,,Sold,,,https://www.redfin.com/NY/Homer/83-N-Main-St-13077/home/125342373,CNYIS,S1512224,N,Y,42.6439637,-76.1773707
PAST SALE,,Multi-Family (5+ Unit),15 Elm St #13,Cortland,NY,13045,615000,,,,3378,12243,,,182,,,,,https://www.redfin.com/NY/Cortland/15-Elm-St-13045/unit-13/home/125482192,,,N,Y,42.6017276,-76.1767663
PAST SALE,,Single Family Residential,5203 Gee Brook Rd,Cincinnatus,NY,13040,45000,3,2.0,,1792,158994,2000,,25,,,,,https://www.redfin.com/NY/Cincinnatus/5203-Gee-Brook-Rd-13040/home/125511397,,,N,Y,42.4980643,-75.9351555
PAST SALE,,Vacant Land,Switch Rd,Homer,NY,13077,100500,,,,,1454904,,,,,,,,https://www.redfin.com/NY/Homer/Switch-Rd-13077/home/125420928,,,N,Y,42.710158,-76.194622
PAST SALE,,Single Family Residential,7 Ellwood Ave #9,Cortland,NY,13045,288000,2,1.0,,1524,12375,1942,,189,,,,,https://www.redfin.com/NY/Cortland/7-Ellwood-Ave-13045/unit-9/home/125476203,,,N,Y,42.5995468,-76.196373
PAST SALE,,Single Family Residential,12 Euclid Ave,Cortland,NY,13045,243000,3,1.0,,1322,6250,1942,,184,,,,,https://www.redfin.com/NY/Cortland/12-Euclid-Ave-13045/home/125310804,,,N,Y,42.6093161,-76.1834419
PAST SALE,,Other,8 Park Ave,Homer,NY,13077,160000,3,1.0,,928,10133,1900,,172,,,,,https://www.redfin.com/NY/Homer/8-Park-Ave-13077/home/125387477,,,N,Y,42.6332821,-76.1875889
PAST SALE,March-18-2024,Single Family Residential,59 Hamlin St,Cortland,NY,13045,165000,3,1.5,Cortland,1648,9248,1900,,100,,Sold,,,https://www.redfin.com/NY/Cortland/59-Hamlin-St-13045/home/125453287,CNYIS,S1515831,N,Y,42.6054378,-76.1920263
PAST SALE,,Single Family Residential,2 Pearl St,Cortland,NY,13045,133500,4,1.5,,1435,3404,1886,,93,,,,,https://www.redfin.com/NY/Cortland/2-Pearl-St-13045/home/125430286,,,N,Y,42.5897548,-76.1937751
PAST SALE,,Single Family Residential,17 Stewart Pl,Cortland,NY,13045,217500,2,2.0,,784,5580,1900,,277,,,,,https://www.redfin.com/NY/Cortland/17-Stewart-Pl-13045/home/125412065,,,N,Y,42.5935549,-76.1821098
PAST SALE,,Condo/Co-op,1136 The Park,Cortland,NY,13045,225000,2,2.0,,1240,,1989,,181,,,,,https://www.redfin.com/NY/Cortland/1136-The-Park-13045/home/125363360,,,N,Y,42.5850663,-76.1991313
PAST SALE,March-11-2024,Single Family Residential,11 Park Ave,Homer,NY,13077,132000,3,1.0,Sally A Loughran,1228,11008,1870,,107,,Sold,,,https://www.redfin.com/NY/Homer/11-Park-Ave-13077/home/125523429,CNYIS,S1515140,N,Y,42.6330205,-76.1871426
PAST SALE,,Single Family Residential,1435 Williams Rd,Preble,NY,13141,190000,2,1.0,,864,65340,1915,,220,,,,,https://www.redfin.com/NY/Preble/1435-Williams-Rd-13141/home/125478513,,,N,Y,42.7683521,-76.1815031
PAST SALE,May-12-2023,Single Family Residential,4505 Kinney Gulf Rd Rd,Cortland,NY,13045,71000,4,2.0,Cortlandville,1919,,1876,,37,,Sold,,,https://www.redfin.com/NY/Cortland/4505-Kinney-Gulf-Rd-13045/home/125440015,IBRMLS,IB407748,N,Y,42.6239668,-76.2434537
PAST SALE,March-7-2023,Single Family Residential,383 State Route 38,Harford,NY,13784,60000,3,1.0,Harford,1548,23087,1880,,39,,Sold,,,https://www.redfin.com/NY/Harford/383-State-Route-38-13784/home/199243970,IBRMLS,IB407756,N,Y,42.426968,-76.229075
PAST SALE,,Vacant Land,Hilsinger Rd,Marathon,NY,13803,170000,,,,,1926223,,,,,,,,https://www.redfin.com/NY/Marathon/Hilsinger-Rd-13803/home/162846228,,,N,Y,42.465536,-76.19712
PAST SALE,October-1-2024,Single Family Residential,3614 Pleasantview Dr,Cortland,NY,13045,125000,2,1.5,,1073,10193,1947,,116,,Sold,,,https://www.redfin.com/NY/Cortland/3614-Pleasantview-Dr-13045/home/125529013,UNYREIS,EC273413,N,Y,42.5815771,-76.2087764
PAST SALE,,Multi-Family (2-4 Unit),11 Rickard St #2,Cortland,NY,13045,143000,4,2.0,,1986,7500,1920,,72,,,,,https://www.redfin.com/NY/Cortland/11-Rickard-St-13045/unit-2/home/125402736,,,N,Y,42.6050692,-76.1737646
PAST SALE,October-31-2024,Multi-Family (2-4 Unit),39 E Court St,Cortland,NY,13045,144000,4,2.0,Chop Stik LLC,1680,4540,1890,,86,,Sold,,,https://www.redfin.com/NY/Cortland/39-E-Court-St-13045/home/125301468,CNYIS,S1574440,N,Y,42.5991338,-76.1744395
PAST SALE,June-16-2023,Single Family Residential,4678 Fox Rd,Cincinnatus,NY,13040,430000,5,3.0,Cincinnatus,2853,1660943,1850,,151,,Sold,,,https://www.redfin.com/NY/Cincinnatus/4678-Fox-Rd-13040/home/175899054,IBRMLS,IB408480,N,Y,42.535702,-75.970533
PAST SALE,,Multi-Family (2-4 Unit),3757 State Route 13,Truxton,NY,13158,247250,4,2.0,,2608,27872,1880,,95,,,,,https://www.redfin.com/NY/Truxton/3757-State-Route-13-13158/home/125338046,,,N,Y,42.7121732,-76.0273997
PAST SALE,August-21-2023,Single Family Residential,1678 E River Rd,Cortland,NY,13045,155200,3,2.0,Cortlandville,840,395960,1895,,185,,Sold,,,https://www.redfin.com/NY/Cortland/1678-E-River-Rd-13045/home/125546851,IBRMLS,IB408670,N,Y,42.6149367,-76.1514759
PAST SALE,,Multi-Family (2-4 Unit),7 Water St,Cortland,NY,13045,246000,4,2.0,,2104,7200,1900,,117,,,,,https://www.redfin.com/NY/Cortland/7-Water-St-13045/home/125389922,,,N,Y,42.5916063,-76.1911759
PAST SALE,June-28-2023,Single Family Residential,2177 Clute Road Rd Unit A-ll,Cortland,NY,13045,3500,1,1.0,Cortland,425,,2009,,8,275,Sold,,,https://www.redfin.com/NY/Cortland/2177-Clute-Rd-13045/unit-A-ll/home/188868062,IBRMLS,IB408580,N,Y,42.5123809,-76.1474954
PAST SALE,,Multi-Family (2-4 Unit),17 Venette St #2,Cortland,NY,13045,125000,4,2.0,,1960,5318,1910,,64,,,,,https://www.redfin.com/NY/Cortland/17-Venette-St-13045/unit-2/home/125463945,,,N,Y,42.6009977,-76.1741076
PAST SALE,,Single Family Residential,7267 Highbridge Rd,De Ruyter,NY,13052,315000,3,2.0,,1736,194278,1811,,181,,,,,https://www.redfin.com/NY/De-Ruyter/7267-Highbridge-Rd-13052/home/108324594,,,N,Y,42.7579411,-75.9151382
PAST SALE,November-26-2024,Single Family Residential,60 N West St,Homer,NY,13077,115000,3,1.5,Homer,1504,4809,1870,,76,,Sold,,,https://www.redfin.com/NY/Homer/60-N-West-St-13077/home/125391249,CNYIS,S1579380,N,Y,42.6418327,-76.1886861
PAST SALE,,Multi-Family (5+ Unit),13 Washington St,Cortland,NY,13045,180000,,,,4602,12495,,,39,,,,,https://www.redfin.com/NY/Cortland/13-Washington-St-13045/home/125402708,,,N,Y,42.6047137,-76.1749485
PAST SALE,,Single Family Residential,153 Central Ave,Cortland,NY,13045,75000,3,1.5,,1354,5572,1890,,55,,,,,https://www.redfin.com/NY/Cortland/153-Central-Ave-13045/home/125438052,,,N,Y,42.600393,-76.1680978
PAST SALE,,Mobile/Manufactured Home,3312 Clute Rd,Cortland,NY,13045,115250,,,,720,69260,1970,,160,,,,,https://www.redfin.com/NY/Cortland/3312-Clute-Rd-13045/home/125278674,,,N,Y,42.5664754,-76.1256621
PAST SALE,,Vacant Land,485 Hunts Corners Rd,Marathon,NY,13803,170000,3,2.0,,1104,2002018,1997,,154,,,,,https://www.redfin.com/NY/Marathon/485-Hunts-Corners-Rd-13803/home/125576010,,,N,Y,42.4341643,-76.1119777
PAST SALE,,Single Family Residential,2118 Gee Hill Rd,Dryden,NY,13053,66610,2,2.0,,1624,54014,1972,,41,,,,,https://www.redfin.com/NY/Dryden/2118-Gee-Hill-Rd-13053/home/125330440,,,N,Y,42.5109132,-76.2472883
PAST SALE,August-8-2023,Single Family Residential,2606 State Route 13,Cortland,NY,13045,165000,3,1.0,Homer-113089,972,16988,1956,,170,,Sold,,,https://www.redfin.com/NY/Cortland/2606-State-Route-13-13045/home/125420744,UNYREIS,IB408940,N,Y,42.66541,-76.1030199
PAST SALE,,Multi-Family (2-4 Unit),13 Hubbard St #2,Cortland,NY,13045,110000,3,2.0,,2038,10536,1910,,54,,,,,https://www.redfin.com/NY/Cortland/13-Hubbard-St-13045/unit-2/home/125554171,,,N,Y,42.6045809,-76.1697999
PAST SALE,,Single Family Residential,10 Pleasant St,Cortland,NY,13045,200000,6,2.0,,1746,5470,1900,,115,,,,,https://www.redfin.com/NY/Cortland/10-Pleasant-St-13045/home/125512493,,,N,Y,42.600131,-76.1839663
PAST SALE,April-28-2023,Single Family Residential,735 State Route 221,Harford,NY,13784,210000,3,1.5,Harford,2016,29185,1880,,104,,Sold,,,https://www.redfin.com/NY/Harford/735-State-Route-221-13784/home/195100227,IBRMLS,IB407451,N,Y,42.4270895,-76.2264811
PAST SALE,,Single Family Residential,22 North St,Mc Graw,NY,13101,207000,3,1.0,,1318,5850,1860,,157,,,,,https://www.redfin.com/NY/Mc-Graw/22-North-St-13101/home/125483109,,,N,Y,42.5978949,-76.0936578
PAST SALE,,Multi-Family (2-4 Unit),74 Lincoln Ave #3,Cortland,NY,13045,155000,5,3.0,,2256,7941,1900,,69,,,,,https://www.redfin.com/NY/Cortland/74-Lincoln-Ave-13045/unit-3/home/125520370,,,N,Y,42.6021172,-76.1876752
PAST SALE,,Vacant Land,2155 Kypriotis Dr,Cortland,NY,13045,55000,,,,,235224,,,,,,,,https://www.redfin.com/NY/Cortland/2155-Kypriotis-Dr-13045/home/125423146,,,N,Y,42.5120732,-76.1338059
PAST SALE,,Single Family Residential,58 Scammell St,Cortland,NY,13045,219000,3,1.5,,1600,26762,1966,,137,,,,,https://www.redfin.com/NY/Cortland/58-Scammell-St-13045/home/125443964,,,N,Y,42.5890789,-76.1848267
PAST SALE,,Single Family Residential,5 Henry St,Homer,NY,13077,175000,3,1.0,,1404,11134,1968,,125,,,,,https://www.redfin.com/NY/Homer/5-Henry-St-13077/home/125321217,,,N,Y,42.6383303,-76.188485
PAST SALE,April-13-2023,Vacant Land,0 Route 13,Cortlandville,NY,13045,485000,,,Cortlandville,,582832,,,,,Sold,,,https://www.redfin.com/NY/Cortlandville/0-Route-13-13045/home/178416841,CNYIS,S1463992,N,Y,42.62360461,-76.15647114
PAST SALE,,Single Family Residential,6 Rob Roy St,Cortland,NY,13045,150000,3,1.0,,1040,6000,1952,,144,,,,,https://www.redfin.com/NY/Cortland/6-Rob-Roy-St-13045/home/125304624,,,N,Y,42.6052319,-76.1984498
PAST SALE,August-29-2023,Single Family Residential,148 Elm St,Cortland,NY,13045,150000,3,1.0,Cortland,1345,7682,1920,,112,,Sold,,,https://www.redfin.com/NY/Cortland/148-Elm-St-13045/home/125534708,CNYIS,S1476342,N,Y,42.6026775,-76.1635784
PAST SALE,,Single Family Residential,6903 State Route 41,Homer,NY,13077,45000,3,1.0,,1208,26572,1845,,37,,,,,https://www.redfin.com/NY/Homer/6903-State-Route-41-13077/home/125331990,,,N,Y,42.7404903,-76.2456796
PAST SALE,,Single Family Residential,21 Summit St,Cortland,NY,13045,145000,3,2.0,,1463,10583,1920,,99,,,,,https://www.redfin.com/NY/Cortland/21-Summit-St-13045/home/125312825,,,N,Y,42.6042974,-76.1977192
PAST SALE,May-16-2024,Single Family Residential,14 Evergreen St,Cortland,NY,13045,154000,3,1.0,Cortland,1094,6915,1948,,141,,Sold,,,https://www.redfin.com/NY/Cortland/14-Evergreen-St-13045/home/140134604,CNYIS,S1538695,N,Y,42.6104645,-76.1877898
PAST SALE,,Multi-Family (2-4 Unit),5 Floral Ave,Cortland,NY,13045,215000,6,2.0,,2780,7888,1900,,77,,,,,https://www.redfin.com/NY/Cortland/5-Floral-Ave-13045/home/125444573,,,N,Y,42.6015054,-76.1930172
PAST SALE,,Single Family Residential,3389 Maple St,Blodgett Mills,NY,13738,148234,4,1.0,,1826,7395,1890,,81,,,,,https://www.redfin.com/NY/Blodgett-Mills/3389-Maple-St-13738/home/125304834,,,N,Y,42.56758,-76.124307
PAST SALE,,Vacant Land,407 Tim Hill Rd,Marathon,NY,13803,280000,1,1.0,,1260,443005,2009,,222,,,,,https://www.redfin.com/NY/Marathon/407-Tim-Hill-Rd-13803/home/125409525,,,N,Y,42.4283491,-76.0428263
PAST SALE,,Single Family Residential,107 Clinton Ave,Cortland,NY,13045,116000,2,2.0,,1668,13905,1900,,70,,,,,https://www.redfin.com/NY/Cortland/107-Clinton-Ave-13045/home/125525069,,,N,Y,42.6046474,-76.1715689
PAST SALE,,Single Family Residential,27 Cedar St,Cortland,NY,13045,130000,4,1.5,,2014,9500,1930,,65,,,,,https://www.redfin.com/NY/Cortland/27-Cedar-St-13045/home/125403070,,,N,Y,42.5956961,-76.1736971
PAST SALE,,Single Family Residential,8 Balmoral Way,Homer,NY,13077,185500,2,1.0,,1352,14375,1959,,137,,,,,https://www.redfin.com/NY/Homer/8-Balmoral-Way-13077/home/125440245,,,N,Y,42.6500383,-76.1883385
PAST SALE,,Single Family Residential,6 Greenwich St,Homer,NY,13077,83000,3,1.0,,942,13067,1930,,88,,,,,https://www.redfin.com/NY/Homer/6-Greenwich-St-13077/home/125489036,,,N,Y,42.6324607,-76.1849462
PAST SALE,July-10-2024,Vacant Land,000 Owego Hill Rd,Dryden,NY,13784,85000,,,,576,304920,2018,,148,,Sold,,,https://www.redfin.com/NY/Dryden/000-Owego-Hill-RD-13784/home/194778294,UNYREIS,EC274046,N,Y,42.449024,-76.215131
PAST SALE,,Multi-Family (2-4 Unit),1140 The Park Unit A,Cortland,NY,13045,170000,2,1.0,,1213,5227,1989,,140,,,,,https://www.redfin.com/NY/Cortland/1140-The-Park-13045/unit-A/home/125329006,,,N,Y,42.5846189,-76.1989584
PAST SALE,February-13-2024,Single Family Residential,262 W State Rd,Cortland,NY,13045,385000,4,1.5,Lands/Ronald B Forance,3358,130680,1876,,115,,Sold,,,https://www.redfin.com/NY/Cortland/262-W-State-Rd-13045/home/190277396,GBAOR,324929,N,Y,42.538611,-76.250806
PAST SALE,,Multi-Family (2-4 Unit),5840 Baldwin Corners Rd,Cincinnatus,NY,13040,412500,4,2.0,,2368,422170,1900,,174,,,,,https://www.redfin.com/NY/Cincinnatus/5840-Baldwin-Corners-Rd-13040/home/178969672,,,N,Y,42.5185808,-75.8908841
PAST SALE,,Single Family Residential,21 E Main St,Marathon,NY,13803,110000,2,1.0,,1040,15235,1880,,106,,,,,https://www.redfin.com/NY/Marathon/21-E-Main-St-13803/home/125561782,,,N,Y,42.4435641,-76.0301926
PAST SALE,,Single Family Residential,42 Van Hoesen St,Cortland,NY,13045,179000,2,2.0,,924,4005,1940,,194,,,,,https://www.redfin.com/NY/Cortland/42-Van-Hoesen-St-13045/home/125311081,,,N,Y,42.6067878,-76.1911501
PAST SALE,February-8-2023,Single Family Residential,164 Madison St,Cortland,NY,13045,110000,2,1.0,Cortland,1650,6969,1930,,67,,Sold,,,https://www.redfin.com/NY/Cortland/164-Madison-St-13045/home/125310973,CNYIS,S1436516,N,Y,42.6036755,-76.1967885
PAST SALE,,Single Family Residential,5030 State Route 41,Homer,NY,13077,112500,2,1.5,,1183,19392,1850,,95,,,,,https://www.redfin.com/NY/Homer/5030-State-Route-41-13077/home/125278125,,,N,Y,42.6493574,-76.1953543
PAST SALE,,Single Family Residential,6248 Country Ln,Homer,NY,13077,152500,4,1.0,,1440,43550,1978,,106,,,,,https://www.redfin.com/NY/Homer/6248-Country-Ln-13077/home/125322388,,,N,Y,42.7089188,-76.2390403
PAST SALE,,Single Family Residential,2039 E River Rd,Cortland,NY,13045,151000,4,1.5,,1837,13454,1940,,82,,,,,https://www.redfin.com/NY/Cortland/2039-E-River-Rd-13045/home/125570595,,,N,Y,42.6297609,-76.141239
PAST SALE,,Single Family Residential,4 Grumman Way,Marathon,NY,13803,150000,1,1.5,,720,102366,2009,,208,,,,,https://www.redfin.com/NY/Marathon/4-Grumman-Way-13803/home/167220181,,,N,Y,42.435293,-76.037595
PAST SALE,,Single Family Residential,813 S Lamont Dr,Cortland,NY,13045,210000,4,1.5,,1976,10126,1963,,106,,,,,https://www.redfin.com/NY/Cortland/813-S-Lamont-Dr-13045/home/125407667,,,N,Y,42.5757991,-76.221213
PAST SALE,,Single Family Residential,5061 Searls Rd,Cortland,NY,13045,105000,3,2.0,,1758,121968,1975,,60,,,,,https://www.redfin.com/NY/Cortland/5061-Searls-Rd-13045/home/125324173,,,N,Y,42.6509505,-76.1239545
PAST SALE,,Vacant Land,3315 Clute Rd,Cortland,NY,13045,18750,,,,,85378,,,,,,,,https://www.redfin.com/NY/Cortland/3315-Clute-Rd-13045/home/125309861,,,N,Y,42.5663837,-76.1262919
PAST SALE,,Single Family Residential,7 Regina Dr,Cortland,NY,13045,240000,3,1.5,,1640,9995,1980,,146,,,,,https://www.redfin.com/NY/Cortland/7-Regina-Dr-13045/home/125382725,,,N,Y,42.6034676,-76.163063
PAST SALE,,Mobile/Manufactured Home,1848 Carter Slocum Rd,Marathon,NY,13803,232500,,,,980,2343964,1995,,237,,,,,https://www.redfin.com/NY/Marathon/1848-Carter-Slocum-Rd-13803/home/125351156,,,N,Y,42.4970758,-75.9952932
PAST SALE,,Single Family Residential,14 Delaware Ave #3,Cortland,NY,13045,321000,3,2.0,,1772,6600,1875,,181,,,,,https://www.redfin.com/NY/Cortland/14-Delaware-Ave-13045/unit-3/home/125334613,,,N,Y,42.5893248,-76.1909557
PAST SALE,June-14-2023,Single Family Residential,755 Route 221,Harford,NY,13784,55000,4,2.0,Harford,3204,,1870,,17,,Sold,,,https://www.redfin.com/NY/Harford/755-Route-221-13784/home/184647805,IBRMLS,IB408251,N,Y,42.428484,-76.224908
PAST SALE,,Single Family Residential,4457 N Tower Rd,Cincinnatus,NY,13040,124000,2,1.0,,1484,87120,1843,,84,,,,,https://www.redfin.com/NY/Cincinnatus/4457-N-Tower-Rd-13040/home/125609647,,,N,Y,42.6225569,-76.0103734
PAST SALE,,Single Family Residential,3 Gothic St,Mc Graw,NY,13101,172500,2,1.0,,1136,2120,1900,,152,,,,,https://www.redfin.com/NY/Mc-Graw/3-Gothic-St-13101/home/125274916,,,N,Y,42.5974087,-76.0921232
PAST SALE,,Townhouse,1996 Alpha Cir Unit 5A,Cortland,NY,13045,145000,1,1.0,,556,436,1978,,261,,,,,https://www.redfin.com/NY/Cortland/1996-Alpha-Cir-13045/unit-5A/home/125409062,,,N,Y,42.5085625,-76.1429536
PAST SALE,July-14-2023,Vacant Land,650 Daisy Holw,Dryden,NY,13053,85000,,,Dryden,,546242,,,,,Sold,,,https://www.redfin.com/NY/Dryden/650-Daisy-Hollow-Rd-13053/home/125409487,IBRMLS,IB407921,N,Y,42.475561,-76.234229
PAST SALE,,Townhouse,1142 The Park,Cortland,NY,13045,283500,2,2.5,,1592,6098,1989,,178,,,,,https://www.redfin.com/NY/Cortland/1142-The-Park-13045/home/125363374,,,N,Y,42.5845369,-76.1994205
PAST SALE,,Multi-Family (2-4 Unit),105 Tompkins St Unit B,Cortland,NY,13045,157000,6,2.0,,1862,5715,1920,,84,,,,,https://www.redfin.com/NY/Cortland/105-Tompkins-St-13045/unit-B/home/125520751,,,N,Y,42.5931662,-76.1869096
PAST SALE,,Single Family Residential,42 Burgett Dr,Homer,NY,13077,250000,4,2.5,,1948,15132,1960,,128,,,,,https://www.redfin.com/NY/Homer/42-Burgett-Dr-13077/home/125568489,,,N,Y,42.637992,-76.1937208
PAST SALE,February-22-2023,Multi-Family (2-4 Unit),9 Pleasant St,Cortland,NY,13045,205000,5,4.0,Cortland,3252,4856,1900,,63,,Sold,,,https://www.redfin.com/NY/Cortland/9-Pleasant-St-13045/home/125389119,UNYREIS,R1449535,N,Y,42.600443,-76.1836184
PAST SALE,January-29-2024,Mobile/Manufactured Home,5158 Town Line Rd,Mc Graw,NY,13101,180000,4,2.0,Truxton,1560,99316,1997,,115,,Sold,,,https://www.redfin.com/NY/Mc-Graw/5158-Town-Line-Rd-13101/home/125343365,CNYIS,S1510768,N,Y,42.6560192,-76.0715527
PAST SALE,August-26-2025,Vacant Land,7367 Cold Brook Rd,Homer,NY,13077,94600,,,Scott,,2047320,,,,,Sold,,,https://www.redfin.com/NY/Homer/7367-Cold-Brook-Rd-13077/home/171028142,UNYREIS,R1618034,N,Y,42.7624776,-76.2127338
PAST SALE,June-5-2023,Single Family Residential,2 Wadsworth St,Cortland,NY,13045,180000,3,1.0,Cortland,1462,8712,1936,,123,,Sold,,,https://www.redfin.com/NY/Cortland/2-Wadsworth-St-13045/home/125546221,CNYIS,S1463737,N,Y,42.608543,-76.1935121
PAST SALE,December-12-2025,Vacant Land,Cold Brook Rd,Homer,NY,13077,49900,,,Scott,,518364,,,,,Sold,,,https://www.redfin.com/NY/Homer/Cold-Brook-Rd-13077/home/125504403,CNYIS,S1641350,N,Y,42.708959,-76.191849
PAST SALE,April-9-2024,Multi-Family (2-4 Unit),26 Albany St,Homer,NY,13077,99000,4,2.0,Homer,2622,16200,1815,,38,,Sold,,,https://www.redfin.com/NY/Homer/26-Albany-St-13077/home/125561388,CNYIS,S1505593,N,Y,42.6326257,-76.1751895
PAST SALE,September-5-2025,Single Family Residential,7605 Cummings,Tully,NY,13159,650000,3,2.5,Cummings Point,2112,14810,1995,,308,,Sold,,,https://www.redfin.com/NY/Tully/7605-Cummings-Pt-13159/home/125528008,CNYIS,S1626249,N,Y,42.7765565,-76.1302301
PAST SALE,August-29-2023,Single Family Residential,167 Madison St,Cortland,NY,13045,185100,3,1.5,Cortland,1787,5662,1960,,104,,Sold,,,https://www.redfin.com/NY/Cortland/167-Madison-St-13045/home/125284380,GBAOR,321758,N,Y,42.603282,-76.1973579
PAST SALE,August-16-2024,Single Family Residential,14 Franklin St,Homer,NY,13077,153000,2,1.0,Linda L Phillips Lands,980,10214,1950,,156,,Sold,,,https://www.redfin.com/NY/Homer/14-Franklin-St-13077/home/125381990,CNYIS,S1543217,N,Y,42.64081,-76.1886756
PAST SALE,January-20-2026,Vacant Land,74 Michigan Hill Rd,Richford,NY,13835,250000,,,Harford,,4340318,,,,,Sold,,,https://www.redfin.com/NY/Richford/74-Michigan-Hill-Rd-13835/home/125268456,CNYIS,S1647392,N,Y,42.4102934,-76.1922746
PAST SALE,August-7-2025,Single Family Residential,5030 Lincklaen Rd,Truxton,NY,13158,250000,3,2.0,Cuyler,2160,60984,1972,,116,,Sold,,,https://www.redfin.com/NY/Truxton/5030-Lincklaen-Rd-13158/home/125365866,CNYIS,S1610553,N,Y,42.7352618,-75.944369
PAST SALE,August-12-2025,Single Family Residential,78 S Greenbush St,Cortland,NY,13045,180000,5,1.5,Cortland,1764,5000,1910,,102,,Sold,,,https://www.redfin.com/NY/Cortland/78-Greenbush-St-13045/home/125328347,CNYIS,S1610419,N,Y,42.5963292,-76.17546
PAST SALE,August-14-2023,Single Family Residential,6 Otter Creek Pl,Cortland,NY,13045,250000,4,2.0,Cortland,1500,8276,1925,,167,,Sold,,,https://www.redfin.com/NY/Cortland/6-Otter-Creek-Pl-13045/home/125410055,CNYIS,S1478100,N,Y,42.6006398,-76.1894191
PAST SALE,April-18-2024,Single Family Residential,33 Elm St,Mc Graw,NY,13101,200000,4,1.5,Cortlandville,2188,24338,1880,,91,,Sold,,,https://www.redfin.com/NY/Mc-Graw/33-Elm-St-13101/home/125420262,CNYIS,S1521721,N,Y,42.5932644,-76.0999876
PAST SALE,,Vacant Land,Westmore Ln,Cortland,NY,13045,44000,,,,,36795,,,,,,,,https://www.redfin.com/NY/Cortland/Westmore-Ln-13045/home/125570944,,,N,Y,42.601903,-76.208067
PAST SALE,January-22-2025,Single Family Residential,3221 S Cortland Virgil Rd,Cortland,NY,13045,161000,2,1.0,Cortlandville,960,11850,1960,,168,,Sold,,,https://www.redfin.com/NY/Cortland/3221-S-Cortland-Virgil-Rd-13045/home/125321843,CNYIS,S1574467,N,Y,42.562938,-76.2205945
PAST SALE,August-21-2025,Single Family Residential,3663 Luker Rd,Cortland,NY,13045,90000,3,1.0,Cortlandville,1624,106722,1900,,55,,Sold,,,https://www.redfin.com/NY/Cortland/3663-Luker-Rd-13045/home/125521319,CNYIS,S1608592,N,Y,42.5849071,-76.2203928
PAST SALE,April-24-2025,Single Family Residential,4051 Highland Rd,Cortland,NY,13045,250000,3,2.0,Cortlandville,1274,17525,1964,,196,,Sold,,,https://www.redfin.com/NY/Cortland/4051-Highland-Rd-13045/home/125547104,CNYIS,S1591824,N,Y,42.6024787,-76.2244856
PAST SALE,July-12-2024,Single Family Residential,4336 Cosmos Hill Rd,Cortland,NY,13045,600000,4,4.0,Town/Cortlandville,3472,84942,1961,,173,,Sold,,,https://www.redfin.com/NY/Cortland/4336-Cosmos-Hill-Rd-13045/home/125418859,CNYIS,S1537737,N,Y,42.617186,-76.2054248
PAST SALE,December-4-2024,Single Family Residential,5 Kinney Ln,Cortland,NY,13045,149900,3,2.0,Cortland,1368,3740,1977,,110,,Sold,,,https://www.redfin.com/NY/Cortland/5-Kinney-Ln-13045/home/125407102,CNYIS,S1570316,N,Y,42.586664,-76.19189
PAST SALE,June-24-2025,Single Family Residential,2 Bellrose Ave,Cortland,NY,13045,190000,3,2.0,Arthur F Kinney Jr,1746,5727,1920,,109,,Sold,,,https://www.redfin.com/NY/Cortland/2-Bellrose-Ave-13045/home/125378750,CNYIS,S1602950,N,Y,42.6003104,-76.1940186
PAST SALE,July-15-2025,Single Family Residential,166 Groton Ave,Cortland,NY,13045,195000,3,1.5,Cortland,1566,7555,1929,,125,,Sold,,,https://www.redfin.com/NY/Cortland/166-Groton-Ave-13045/home/125354955,CNYIS,S1601385,N,Y,42.6008561,-76.1949841
PAST SALE,February-9-2023,Condo/Co-op,1148 The Park Unit B,Cortland,NY,13045,153536,2,2.0,Cortlandville,1240,4792,1989,,124,258,Sold,,,https://www.redfin.com/NY/Cortland/1148-The-Park-13045/unit-B/home/125483582,CNYIS,S1448800,N,Y,42.5846752,-76.1985778
PAST SALE,August-29-2023,Single Family Residential,2911 Webb Rd,Cortland,NY,13045,277500,5,3.0,Mcgee Sub,1492,60984,1990,,186,,Sold,,,https://www.redfin.com/NY/Cortland/2911-Webb-Rd-13045/home/125469532,CNYIS,S1476728,N,Y,42.5482213,-76.2406208
PAST SALE,May-10-2024,Mobile/Manufactured Home,3082 Gracie Rd,Cortland,NY,13045,89900,3,2.0,Cortlandville,980,43996,2012,,92,,Sold,,,https://www.redfin.com/NY/Cortland/3082-Gracie-Rd-13045/home/125802687,CNYIS,S1524006,N,Y,42.5568818,-76.2440535
PAST SALE,September-20-2023,Single Family Residential,1 Douglas St,Cortland,NY,13045,140000,2,1.0,Scotholm,1054,6000,1955,,133,,Sold,,,https://www.redfin.com/NY/Cortland/1-Douglas-St-13045/home/125453219,CNYIS,S1484642,N,Y,42.6067237,-76.1970069
PAST SALE,August-29-2024,Single Family Residential,81 Wheeler Ave,Cortland,NY,13045,200000,3,2.0,Cortland,1180,8750,1965,,169,,Sold,,,https://www.redfin.com/NY/Cortland/81-Wheeler-Ave-13045/home/125270460,CNYIS,S1549047,N,Y,42.6109984,-76.1938827
PAST SALE,November-17-2023,Single Family Residential,839 State Route 222,Cortland,NY,13045,192000,2,1.0,Karen E Bals Lands,1288,21000,1956,,149,,Sold,,,https://www.redfin.com/NY/Cortland/839-State-Route-222-13045/home/125303947,CNYIS,S1498544,N,Y,42.5932325,-76.2207375
PAST SALE,December-4-2024,Multi-Family (2-4 Unit),32 N Greenbush St,Cortland,NY,13045,135000,6,2.0,Cortland,1140,4091,1900,,118,,Sold,,,https://www.redfin.com/NY/Cortland/32-N-Greenbush-St-13045/unit-2/home/125482716,CNYIS,S1562142,N,Y,42.6052217,-76.1772016
PAST SALE,June-14-2024,Single Family Residential,652 Stupke Rd,Cortland,NY,13045,220000,3,1.0,Cortlandville,1056,24223,1973,,208,,Sold,,,https://www.redfin.com/NY/Cortland/652-Stupke-Rd-13045/home/125503228,CNYIS,S1528453,N,Y,42.5776379,-76.2321969
PAST SALE,November-4-2025,Single Family Residential,16 Sunnyfield Dr,Cortland,NY,13045,166000,3,1.0,Sunnyfield Slopes Sec Iia,960,7409,1979,,173,,Sold,,,https://www.redfin.com/NY/Cortland/16-Sunnyfield-Dr-13045/home/125515415,CNYIS,S1634966,N,Y,42.5883045,-76.1684667
PAST SALE,April-14-2025,Vacant Land,0 Wood Rd,Marathon,NY,13803,27000,,,Lapeer,,203425,,,,,Sold,,,https://www.redfin.com/NY/Marathon/Wood-Rd-13803/home/125575962,CNYIS,S1590066,N,Y,42.437822,-76.086999
PAST SALE,January-15-2025,Single Family Residential,202 Central Ave,Cortland,NY,13045,275000,4,1.5,Cortland,2127,6552,1930,,129,,Sold,,,https://www.redfin.com/NY/Cortland/202-Central-Ave-13045/home/125487362,CNYIS,S1574032,N,Y,42.6010124,-76.163131
PAST SALE,,Townhouse,1980 Alpha Cir Unit 3B,Cortland,NY,13045,375000,3,2.0,,1344,871,1976,,279,,,,,https://www.redfin.com/NY/Cortland/1980-Alpha-Cir-13045/unit-3B/home/125325887,,,N,Y,42.5091344,-76.1439765
PAST SALE,September-27-2023,Single Family Residential,87 Hamlin St,Cortland,NY,13045,200000,3,2.0,Cortland,2352,3784,1910,,85,,Sold,,,https://www.redfin.com/NY/Cortland/87-Hamlin-St-13045/home/125443506,CNYIS,S1484732,N,Y,42.6077381,-76.1921803
PAST SALE,May-25-2023,Single Family Residential,12 Holley Dr,Homer,NY,13077,251000,3,2.0,Homer,1849,14374,1959,,136,,Sold,,,https://www.redfin.com/NY/Homer/12-Holley-Dr-13077/home/125494055,CNYIS,S1463530,N,Y,42.6503446,-76.1824075
PAST SALE,September-18-2024,Single Family Residential,5 Melvin Ave,Cortland,NY,13045,265000,4,2.5,Cortland,2088,6176,1934,,127,,Sold,,,https://www.redfin.com/NY/Cortland/5-Melvin-Ave-13045/home/125333645,CNYIS,S1546895,N,Y,42.6000555,-76.1949352
PAST SALE,August-1-2024,Multi-Family (2-4 Unit),92 Pendleton St,Cortland,NY,13045,150000,6,2.0,Greater Corland Co,2448,10957,1900,,61,,Sold,,,https://www.redfin.com/NY/Cortland/92-Pendleton-St-13045/unit-2/home/125433581,CNYIS,S1526640,N,Y,42.5965967,-76.1721514
PAST SALE,July-11-2023,Single Family Residential,"3082, 3088 Stone Rd",Freetown,NY,13101,320000,2,1.0,Freetown,1730,12638934,,,185,,Sold,,,https://www.redfin.com/NY/Freetown/3082-3088-Stone-RD-13101/home/175862608,CNYIS,S1459449,N,Y,42.555842,-76.048304
PAST SALE,August-7-2023,Single Family Residential,32 Cedar St,Cortland,NY,13045,146000,3,1.5,Paul R Oneil Lands,1176,8354,1920,,124,,Sold,,,https://www.redfin.com/NY/Cortland/32-Cedar-St-13045/home/125379128,CNYIS,S1475579,N,Y,42.5954398,-76.1731262
PAST SALE,November-26-2025,Single Family Residential,250 State Route 90,Cortland,NY,13045,350000,4,3.0,Homer,1575,572378,1995,,222,,Sold,,,https://www.redfin.com/NY/Cortland/250-State-Route-90-13045/home/125357258,CNYIS,S1639319,N,Y,42.6432318,-76.2588692
PAST SALE,September-28-2023,Single Family Residential,72 River St,Cortland,NY,13045,178000,3,1.5,D G Corwin,1500,5253,1930,,119,,Sold,,,https://www.redfin.com/NY/Cortland/72-River-St-13045/home/125379318,CNYIS,S1480241,N,Y,42.6031034,-76.1612669
PAST SALE,July-29-2025,Single Family Residential,4018 W Cheningo Rd,Truxton,NY,13158,250000,2,2.0,Truxton,700,63162,1989,,357,,Sold,,,https://www.redfin.com/NY/Truxton/4018-W-Cheningo-Rd-13158/home/125405191,CNYIS,S1604190,N,Y,42.6563502,-76.0075368
PAST SALE,August-25-2023,Single Family Residential,19 Evergreen St,Cortland,NY,13045,170900,3,1.5,Secretary Hsng & Urban De,1394,7678,1880,,123,,Sold,,,https://www.redfin.com/NY/Cortland/19-Evergreen-St-13045/home/125349167,CNYIS,S1475053,N,Y,42.6100424,-76.1882228
PAST SALE,August-6-2025,Single Family Residential,1325 Mcgraw Marathon Rd,Marathon,NY,13803,381100,3,2.5,Marathon,1792,435600,2004,,213,,Sold,,,https://www.redfin.com/NY/Marathon/1325-McGraw-Marathon-Rd-13803/home/125508875,CNYIS,S1611720,N,Y,42.4720343,-76.0339909
PAST SALE,January-22-2024,Single Family Residential,86 River St,Cortland,NY,13045,129000,2,1.0,Cortland,833,6760,1920,,155,,Sold,,,https://www.redfin.com/NY/Cortland/86-River-St-13045/home/125487389,CNYIS,S1508605,N,Y,42.6015837,-76.1611675
PAST SALE,May-13-2024,Single Family Residential,8 Morgan Dr,Homer,NY,13077,246200,3,2.0,Homer,1344,11234,1965,,183,,Sold,,,https://www.redfin.com/NY/Homer/8-Morgan-Dr-13077/home/125337574,CNYIS,S1524952,N,Y,42.6320576,-76.1884718
PAST SALE,June-9-2023,Single Family Residential,929 Walden Pond Ln,Cortland,NY,13045,330000,3,2.0,Walden Oaks Ph 03,1767,13080,2001,,187,4,Sold,,,https://www.redfin.com/NY/Cortland/929-Walden-Pond-Ln-13045/home/125498032,CNYIS,S1464440,N,Y,42.5670499,-76.2140166
PAST SALE,October-28-2024,Single Family Residential,3706 Abdallah Ave,Cortland,NY,13045,199000,2,1.0,Cortlandville,1025,7086,1950,,194,,Sold,,,https://www.redfin.com/NY/Cortland/3706-Abdallah-Ave-13045/home/125454890,CNYIS,S1561391,N,Y,42.5863126,-76.19679
PAST SALE,June-11-2024,Vacant Land,3423 Boreas Pass Rd,Truxton,NY,13159,35000,,,Truxton,,120225,,,,,Sold,,,https://www.redfin.com/NY/Truxton/3423-Boreas-Pas-13158/home/125499915,CNYIS,S1536481,N,Y,42.7462717,-76.0489421
PAST SALE,May-30-2025,Condo/Co-op,2139 Darius Dr Unit 16D,Cortland,NY,13045,200000,3,1.5,Arcadia Sub Sec V,1116,871,1978,,179,314,Sold,,,https://www.redfin.com/NY/Cortland/2139-Darius-Dr-13045/unit-16D/home/125458887,CNYIS,S1592427,N,Y,42.5103999,-76.144554
PAST SALE,December-20-2023,Vacant Land,00 Song Lake Xing,Preble,NY,13159,50900,,,Preble,,615067,,,,,Sold,,,https://www.redfin.com/NY/Preble/Unknown-13141/home/125290970,CNYIS,S1493875,N,Y,42.763404,-76.135157
PAST SALE,July-28-2023,Single Family Residential,5958 State Route 281,Little York,NY,13087,190000,3,1.0,Homer,1447,145926,1950,,131,,Sold,,,https://www.redfin.com/NY/Little-York/5958-State-Route-281-13087/home/125427490,CNYIS,S1466982,N,Y,42.694469,-76.163942
PAST SALE,June-7-2024,Single Family Residential,54 Miller St,Cortland,NY,13045,221000,4,2.5,Cortland,2293,8266,1915,,96,,Sold,,,https://www.redfin.com/NY/Cortland/54-Miller-St-13045/home/125347629,CNYIS,S1527739,N,Y,42.6120633,-76.1852484
PAST SALE,November-8-2024,Single Family Residential,3307 Walden Oaks Blvd,Cortland,NY,13045,520000,5,4.0,Cortlandville,3044,37210,2001,,171,4,Sold,,,https://www.redfin.com/NY/Cortland/3307-Walden-Oaks-Blvd-13045/home/125555799,CNYIS,S1562128,N,Y,42.5675684,-76.210499
PAST SALE,October-11-2024,Single Family Residential,40 Randall St,Cortland,NY,13045,160000,3,1.0,Cortland,1225,6250,1900,,131,,Sold,,,https://www.redfin.com/NY/Cortland/40-Randall-St-13045/home/125389541,CNYIS,S1553629,N,Y,42.5952945,-76.1726588
PAST SALE,February-16-2024,Multi-Family (2-4 Unit),17 Venette St,Cortland,NY,13045,124900,4,2.0,Cortland,1960,5318,1910,,64,,Sold,,,https://www.redfin.com/NY/Cortland/17-Venette-St-13045/home/189973720,CNYIS,S1507561,N,Y,42.6009869,-76.1740945
PAST SALE,December-15-2023,Single Family Residential,2107 State Route 392,Cortland,NY,13045,161000,2,1.0,Marilyn G Tsapis,756,501811,1880,,213,,Sold,,,https://www.redfin.com/NY/Cortland/2107-State-Route-392-13045/home/125360685,CNYIS,S1506487,N,Y,42.5057457,-76.1351549
PAST SALE,February-21-2024,Single Family Residential,16 Stewart Pl,Cortland,NY,13045,149900,2,1.0,Cortland,1232,7379,1954,,122,,Sold,,,https://www.redfin.com/NY/Cortland/16-Stewart-Pl-13045/home/125450744,CNYIS,S1514149,N,Y,42.5939139,-76.1819739
PAST SALE,April-14-2025,Single Family Residential,1 King St,Homer,NY,13077,180000,3,1.5,Homer,1244,13961,1960,,145,,Sold,,,https://www.redfin.com/NY/Homer/1-King-St-13077/home/125344183,CNYIS,S1589504,N,Y,42.6393299,-76.1876651
PAST SALE,August-12-2025,Single Family Residential,44 Alvena Ave,Cortland,NY,13045,180000,3,1.5,Cortland,1252,6997,1910,,144,,Sold,,,https://www.redfin.com/NY/Cortland/44-Alvena-Ave-13045/home/125411504,CNYIS,S1610796,N,Y,42.6093812,-76.1905918
PAST SALE,August-7-2025,Single Family Residential,108 Pendleton St,Cortland,NY,13045,175900,3,2.0,Greater Cortland Co,1256,8487,1960,,140,,Sold,,,https://www.redfin.com/NY/Cortland/108-Pendleton-St-13045/home/125463200,CNYIS,S1608268,N,Y,42.5954759,-76.172079
PAST SALE,November-14-2023,Multi-Family (2-4 Unit),1 Scammell St,Cortland,NY,13045,154000,5,2.0,Cortland,2116,5720,1930,,73,,Sold,,,https://www.redfin.com/NY/Cortland/1-Scammell-St-13045/home/125554991,CNYIS,S1495479,N,Y,42.5888217,-76.1804046
PAST SALE,March-31-2025,Single Family Residential,4920 Kinney Gulf Rd,Cortland,NY,13045,356500,3,2.5,Homer,2156,87556,1986,,165,,Sold,,,https://www.redfin.com/NY/Cortland/4920-Kinney-Gulf-Rd-13045/home/125313501,CNYIS,S1585697,N,Y,42.644768,-76.256535
PAST SALE,October-15-2025,Mobile/Manufactured Home,6203 Cuyler Hill Rd,Truxton,NY,13158,295000,3,2.0,Cuyler,1960,171804,2003,,151,,Sold,,,https://www.redfin.com/NY/Truxton/6203-Cuyler-Hill-Rd-13158/home/125292287,CNYIS,S1631866,N,Y,42.7057702,-75.9299867
PAST SALE,September-11-2024,Single Family Residential,1 Suits Ave,Homer,NY,13077,220000,3,2.0,Donegal Court Sec 01,1540,24646,1973,,143,,Sold,,,https://www.redfin.com/NY/Homer/1-Suits-Ave-13077/home/125386989,CNYIS,S1550158,N,Y,42.646604,-76.1906177
PAST SALE,September-14-2023,Single Family Residential,3 Cowance St,Cortland,NY,13045,230000,3,2.0,Cortland,1237,5533,1958,,186,,Sold,,,https://www.redfin.com/NY/Cortland/3-Cowance-St-13045/home/125381069,CNYIS,S1484641,N,Y,42.6047207,-76.1965994
PAST SALE,May-13-2025,Multi-Family (5+ Unit),50 Port Watson St,Cortland,NY,13045,311000,8,,Armando Natale,6880,12963,1972,,45,,Sold,,,https://www.redfin.com/NY/Cortland/50-Port-Watson-St-13045/home/175938572,CNYIS,S1590987,N,Y,42.5981167,-76.1768795
PAST SALE,January-31-2025,Single Family Residential,3395 Maple St,Blodgett Mills,NY,13738,154397,4,1.0,Cortlandville,1688,6840,1925,,91,,Sold,,,https://www.redfin.com/NY/Blodgett-Mills/3395-Maple-St-13738/home/125430692,CNYIS,S1576802,N,Y,42.567925,-76.124323
PAST SALE,January-16-2026,Vacant Land,0 Snell Hill Rd,Cortland,NY,13045,29900,,,Cortlandville,,311454,,,,,Sold,,,https://www.redfin.com/NY/Cortland/Snell-Hill-Rd-13045/home/125310459,CNYIS,S1637743,N,Y,42.574622,-76.090695
PAST SALE,May-5-2023,Condo/Co-op,1988 Alpha Cir Unit 4D,Cortland,NY,13045,195000,3,2.0,Virgil,1344,871,1976,,145,300,Sold,,,https://www.redfin.com/NY/Cortland/1988-Alpha-Cir-13045/unit-4D/home/125396643,CNYIS,S1461017,N,Y,42.5087954,-76.1435026
PAST SALE,December-3-2025,Single Family Residential,17 Cedar St,Cortland,NY,13045,220000,4,1.5,Greater Cortland Co,1500,9500,1940,,147,,Sold,,,https://www.redfin.com/NY/Cortland/17-Cedar-St-13045/home/125462880,CNYIS,S1641537,N,Y,42.5963912,-76.1737565
PAST SALE,October-31-2023,Single Family Residential,6 Ridgeview Ave,Cortland,NY,13045,360000,3,1.5,Cortland,1716,14950,1984,,210,,Sold,,,https://www.redfin.com/NY/Cortland/4157-Ridgeview-Ave-13045/home/125360944,CNYIS,S1492717,N,Y,42.6103189,-76.200605
PAST SALE,July-8-2025,Mobile/Manufactured Home,3 Bennett St,Mc Graw,NY,13101,152000,3,2.0,Cortlandville,1248,22159,1993,,122,,Sold,,,https://www.redfin.com/NY/Mc-Graw/3-Bennett-St-13101/home/125553080,IBRMLS,R1596192,N,Y,42.5936363,-76.1019282
PAST SALE,July-26-2024,Single Family Residential,747 Mclean Rd,Cortland,NY,13045,240000,3,1.5,Marjorie Devine 747 Mclea,884,15509,1955,,271,,Sold,,,https://www.redfin.com/NY/Cortland/747-McLean-Rd-13045/home/125503161,CNYIS,S1535314,N,Y,42.5813099,-76.2253391
PAST SALE,May-30-2025,Single Family Residential,2652 State Route 13,Cortland,NY,13045,173000,3,1.0,Homer,1040,10725,1955,,166,,Sold,,,https://www.redfin.com/NY/Cortland/2652-State-Route-13-13045/home/125404427,CNYIS,S1593347,N,Y,42.6665875,-76.0998517
PAST SALE,January-17-2025,Single Family Residential,41 Cedar St,Cortland,NY,13045,164900,2,1.0,Greater Cortland Co,792,9583,1935,,208,,Sold,,,https://www.redfin.com/NY/Cortland/41-Cedar-St-13045/home/125453372,CNYIS,S1577049,N,Y,42.594466,-76.1736192
PAST SALE,September-9-2025,Single Family Residential,2 S Fulton St #2,Homer,NY,13077,224900,6,3.0,Homer,2478,24338,1900,,91,,Sold,,,https://www.redfin.com/NY/Homer/2-S-Fulton-St-13077/unit-2/home/196505037,CNYIS,S1623900,N,Y,42.6363417,-76.1843739
PAST SALE,November-13-2024,Multi-Family (2-4 Unit),32 Prospect St,Homer,NY,13077,132000,2,2.0,Homer,1440,8151,1900,,92,,Sold,,,https://www.redfin.com/NY/Homer/32-Prospect-St-13077/unit-1-2/home/125475475,CNYIS,S1560549,N,Y,42.6417553,-76.1898836
PAST SALE,June-26-2024,Single Family Residential,44 Cortland St,Homer,NY,13077,215144,2,2.0,Homer,1728,6705,1900,,125,,Sold,,,https://www.redfin.com/NY/Homer/44-Cortland-St-13077/home/125561370,CNYIS,S1530824,N,Y,42.632459,-76.1830154
PAST SALE,November-27-2023,Multi-Family (2-4 Unit),28 Evergreen St,Cortland,NY,13045,160000,5,2.0,Cortland,1952,6311,1890,,82,,Sold,,,https://www.redfin.com/NY/Cortland/28-Evergreen-St-13045/home/125405575,CNYIS,S1496287,N,Y,42.6103584,-76.1893302
PAST SALE,July-29-2025,Single Family Residential,6866 Truxton Tully Rd,Tully,NY,13159,355000,4,3.0,Truxton,2369,155945,1960,,150,,Sold,,,https://www.redfin.com/NY/Tully/6866-Truxton-Tully-Rd-13159/home/125293164,CNYIS,S1606883,N,Y,42.7393972,-76.0504341
PAST SALE,June-5-2024,Mobile/Manufactured Home,93 Wheeler Ave,Cortland,NY,13045,144500,3,1.5,William W Porter Lands,960,9645,1997,,151,,Sold,,,https://www.redfin.com/NY/Cortland/93-Wheeler-Ave-13045/home/125350584,CNYIS,S1519649,N,Y,42.6112608,-76.1952244
PAST SALE,April-15-2024,Single Family Residential,21 Bellrose Ave,Cortland,NY,13045,156101,2,2.0,Cortland,1238,5200,1936,,126,,Sold,,,https://www.redfin.com/NY/Cortland/21-Bellrose-Ave-13045/home/125479687,CNYIS,S1520931,N,Y,42.5990993,-76.1934547
PAST SALE,September-25-2023,Single Family Residential,143 Port Watson St,Cortland,NY,13045,130000,3,1.5,Cortland,1777,13125,1948,,73,,Sold,,,https://www.redfin.com/NY/Cortland/143-Port-Watson-St-13045/home/125311330,CNYIS,S1481517,N,Y,42.5979678,-76.1686422
PAST SALE,September-5-2025,Single Family Residential,11 Randall St,Cortland,NY,13045,187000,4,2.0,Cortland,1507,7319,1920,,124,,Sold,,,https://www.redfin.com/NY/Cortland/11-Randall-St-13045/home/125378995,CNYIS,S1616202,N,Y,42.5946558,-76.1787743
PAST SALE,November-3-2023,Single Family Residential,5775 Haights Gulf Rd,Cortland,NY,13045,29900,1,1.0,Homer,740,5025,1920,,40,,Sold,,,https://www.redfin.com/NY/Cortland/5775-Haights-Gulf-Rd-13045/home/125288208,CNYIS,S1494472,N,Y,42.6858979,-76.0796148
PAST SALE,June-17-2025,Single Family Residential,2027 Arcadia Dr Unit 12C,Cortland,NY,13045,212500,2,2.0,Arcadia Sub Sec 6,872,436,1979,,244,300,Sold,,,https://www.redfin.com/NY/Cortland/2027-Arcadia-Dr-13045/unit-12C/home/125418219,CNYIS,S1596050,N,Y,42.5095609,-76.1428291
PAST SALE,May-3-2024,Single Family Residential,6 Joseph St,Cortland,NY,13045,150500,4,1.0,Charles M & Salamie Abdal,1296,10000,1956,,116,,Sold,,,https://www.redfin.com/NY/Cortland/6-Joseph-St-13045/home/125309352,CNYIS,S1522816,N,Y,42.5880226,-76.1980399
PAST SALE,June-20-2025,Single Family Residential,2554 State Route 215,Cortland,NY,13045,285000,3,2.0,Virgil,1248,993168,1995,,228,,Sold,,,https://www.redfin.com/NY/Cortland/2554-State-Route-215-13045/home/125405343,CNYIS,S1597694,N,Y,42.5337564,-76.1912425
PAST SALE,January-26-2023,Condo/Co-op,2177 Clute Rd Unit 423F,Cortland,NY,13045,8500,1,1.0,Hope Lake Hotel Condo,689,506603,2009,,12,430,Sold,,,https://www.redfin.com/NY/Cortland/2177-Clute-Rd-13045/unit-423F/home/182415604,CNYIS,S1440001,N,Y,42.5123809,-76.1474954
PAST SALE,October-19-2023,Single Family Residential,4149 Ridgeview Avenue Ext,Cortland,NY,13045,455000,4,3.5,Hillcrest Heights,2576,21136,1997,,177,,Sold,,,https://www.redfin.com/NY/Cortland/4149-Ridgeview-Ave-13045/home/125488038,CNYIS,S1490467,N,Y,42.6089592,-76.2012243
PAST SALE,November-26-2025,Single Family Residential,12 Ellwood Ave,Cortland,NY,13045,221325,3,1.5,Colonial Park Tr,1740,8250,1931,,127,,Sold,,,https://www.redfin.com/NY/Cortland/12-Ellwood-Ave-13045/home/125476218,CNYIS,S1639038,N,Y,42.5991926,-76.1968478
PAST SALE,November-2-2023,Single Family Residential,1561 Saunders Rd,Cortland,NY,13045,125000,4,2.0,Cortlandville,1560,22950,1973,,80,,Sold,,,https://www.redfin.com/NY/Cortland/1561-Saunders-Rd-13045/home/125271917,CNYIS,S1485661,N,Y,42.5836918,-76.1723173
PAST SALE,January-6-2026,Townhouse,2879 Cincinnatus Rd,Cincinnatus,NY,13040,160400,4,2.0,Cincinnatus,2108,236095,1940,,76,,Sold,,,https://www.redfin.com/NY/Cincinnatus/2879-Cincinnatus-Rd-13040/home/125444256,CNYIS,S1633889,N,Y,42.5465467,-75.8954212
PAST SALE,May-9-2025,Single Family Residential,1215 Louise Dr,Cortland,NY,13045,215000,3,1.0,Cortlandville,1040,9066,1956,,207,,Sold,,,https://www.redfin.com/NY/Cortland/1215-Louise-Dr-13045/home/125363424,CNYIS,S1598604,N,Y,42.5852426,-76.1945903
PAST SALE,November-10-2025,Single Family Residential,87 N Main St,Homer,NY,13077,281900,3,2.0,Homer,1950,18500,1940,,145,,Sold,,,https://www.redfin.com/NY/Homer/87-N-Main-St-13077/home/125369709,CNYIS,S1636158,N,Y,42.6444545,-76.177412
PAST SALE,December-22-2023,Single Family Residential,2511 Carson Rd,Cortland,NY,13045,369000,3,2.0,Virgil,1296,87120,2006,,285,,Sold,,,https://www.redfin.com/NY/Cortland/2511-Carson-Rd-13045/home/125519936,CNYIS,S1499722,N,Y,42.5030511,-76.1098195
PAST SALE,September-29-2023,Single Family Residential,1749 Lighthouse Hl,Homer,NY,13077,160000,3,1.0,Cortlandville,1144,59677,1967,,140,,Sold,,,https://www.redfin.com/NY/Homer/1749-Lighthouse-Hill-Rd-13077/home/125319499,CNYIS,S1485094,N,Y,42.6259497,-76.1598028
PAST SALE,August-22-2024,Single Family Residential,4229 Sweeney Rd,Cortland,NY,13045,315000,3,2.0,Cortlandville,1508,330620,2000,,209,,Sold,,,https://www.redfin.com/NY/Cortland/4229-Sweeney-Rd-13045/home/125580191,CNYIS,S1545390,N,Y,42.6112142,-76.2249131
PAST SALE,September-20-2024,Single Family Residential,1199 Hillside Dr,Cortland,NY,13045,285101,3,3.0,Cortlandville,1419,78408,2004,,201,,Sold,,,https://www.redfin.com/NY/Cortland/1199-Hillside-Dr-13045/home/125425635,CNYIS,S1540536,N,Y,42.6201937,-76.1958277
PAST SALE,November-6-2023,Single Family Residential,714 Mclean Rd,Cortland,NY,13045,310000,3,2.0,Cortlandville,1780,31964,1961,,174,,Sold,,,https://www.redfin.com/NY/Cortland/714-McLean-Rd-13045/home/125484762,CNYIS,S1497266,N,Y,42.5800102,-76.2273046
PAST SALE,June-25-2025,Single Family Residential,13 Cowance St,Cortland,NY,13045,148500,2,1.0,Cortland,988,6000,1958,,150,,Sold,,,https://www.redfin.com/NY/Cortland/13-Cowance-St-13045/home/125316139,CNYIS,S1603909,N,Y,42.604659,-76.1977233
PAST SALE,September-23-2024,Single Family Residential,58 Cortland St,Marathon,NY,13803,115000,5,2.0,Marathon,2675,16374,1900,,43,,Sold,,,https://www.redfin.com/NY/Marathon/58-Cortland-St-13803/home/125549903,CNYIS,S1535717,N,Y,42.4458605,-76.0362671
PAST SALE,July-21-2023,Single Family Residential,2961 Meadow Dr,Cortland,NY,13045,183000,3,1.0,Meadow Pk Ests,960,22000,1972,,191,,Sold,,,https://www.redfin.com/NY/Cortland/2961-Meadow-Park-13045/home/125327436,CNYIS,S1468556,N,Y,42.549971,-76.2440587
PAST SALE,August-4-2023,Single Family Residential,3893 Piety Ridge Rd,Marathon,NY,13803,305000,3,2.0,Marathon,1920,349787,2004,,159,,Sold,,,https://www.redfin.com/NY/Marathon/3893-Piety-Ridge-Rd-13803/home/125436061,CNYIS,S1470445,N,Y,42.4689303,-76.0183525
PAST SALE,October-13-2023,Vacant Land,1981 Carter Slocum Rd,Freetown,NY,13040,25000,,,Carter-Slocum Road,,218671,,,,,Sold,,,https://www.redfin.com/NY/Freetown/1981-Carter-Slocum-RD-13040/home/186261384,CNYIS,S1488016,N,Y,42.50218,-76.004339
PAST SALE,June-21-2023,Single Family Residential,23 James St,Cortland,NY,13045,190000,4,2.0,Cortland,1544,12281,1920,,123,,Sold,,,https://www.redfin.com/NY/Cortland/23-James-St-13045/home/125438270,CNYIS,S1462386,N,Y,42.5958328,-76.1860697
PAST SALE,May-9-2023,Single Family Residential,17 5th Ave,Cortland,NY,13045,118000,2,1.0,Alison B Munson & Beverly,974,9345,1925,,121,,Sold,,,https://www.redfin.com/NY/Cortland/17-5th-Ave-13045/home/125296755,CNYIS,S1458978,N,Y,42.6095693,-76.1920263
PAST SALE,October-6-2025,Vacant Land,7398 Palmer Rd #7396,Tully,NY,13159,137500,6,3.5,Miller-Eaton Enterprises,,30492,1950,,,,Sold,,,https://www.redfin.com/NY/Tully/7398-Palmer-Rd-13159/unit-7396/home/125532590,CNYIS,S1611872,N,Y,42.764257,-76.1467353
PAST SALE,December-31-2024,Single Family Residential,8 Evergreen St,Cortland,NY,13045,170000,3,1.0,Cortland,1232,6530,1880,,138,,Sold,,,https://www.redfin.com/NY/Cortland/8-Evergreen-St-13045/home/140274539,CNYIS,S1572036,N,Y,42.6104837,-76.1872266
PAST SALE,December-1-2023,Single Family Residential,226 Central Ave,Cortland,NY,13045,197500,3,1.5,Cortland,1613,71003,1900,,122,,Sold,,,https://www.redfin.com/NY/Cortland/226-Central-Ave-13045/home/125421409,CNYIS,S1495926,N,Y,42.6010448,-76.160376
PAST SALE,August-26-2025,Single Family Residential,16 Locust Ave,Cortland,NY,13045,310000,4,3.0,Cortland,1340,32650,1965,,231,,Sold,,,https://www.redfin.com/NY/Cortland/16-Locust-Ave-13045/home/125505371,CNYIS,S1621002,N,Y,42.6131052,-76.1667988
PAST SALE,November-20-2025,Single Family Residential,66 Wheeler Ave,Cortland,NY,13045,210000,2,1.5,Eric L Lawrence Lands,1056,6340,1955,,199,,Sold,,,https://www.redfin.com/NY/Cortland/66-Wheeler-Ave-13045/home/125505508,CNYIS,S1637297,N,Y,42.6106711,-76.1931596
PAST SALE,October-6-2023,Single Family Residential,934 Limerick Ln,Homer,NY,13077,380000,4,2.5,Emerald Mdws,2460,32510,1990,,154,,Sold,,,https://www.redfin.com/NY/Homer/934-Limerick-Ln-13077/home/125357108,CNYIS,S1479115,N,Y,42.6693013,-76.2138944
PAST SALE,June-16-2023,Single Family Residential,4074 Quail Ridge Dr,Cortland,NY,13045,425000,4,3.0,Quail Rdg Sub,2812,95832,1992,,151,,Sold,,,https://www.redfin.com/NY/Cortland/4074-Quail-Rdg-13045/home/125488058,CNYIS,S1460981,N,Y,42.6039078,-76.2093037
PAST SALE,August-23-2023,Single Family Residential,7527 Fair Haven Rd,Homer,NY,13077,725000,2,1.0,Scott,924,13504,1950,,785,,Sold,,,https://www.redfin.com/NY/Homer/7527-Fair-Haven-Rd-13077/home/125385445,CNYIS,S1480802,N,Y,42.7705661,-76.2682006
PAST SALE,July-31-2024,Single Family Residential,15 Monroe,Cortland,NY,13045,210000,4,3.0,Cortland,2246,5775,1890,,93,,Sold,,,https://www.redfin.com/NY/Cortland/15-Monroe-Hts-13045/home/125433316,CNYIS,S1533192,N,Y,42.5997527,-76.1822823
PAST SALE,January-30-2025,Single Family Residential,15 Stevenson St,Cortland,NY,13045,155000,5,1.5,Cortland,1586,7781,1880,,98,,Sold,,,https://www.redfin.com/NY/Cortland/15-Stevenson-St-13045/home/125296686,CNYIS,S1569725,N,Y,42.5997753,-76.1862757
PAST SALE,August-26-2025,Single Family Residential,2685 State Route 13,Cortland,NY,13045,235001,5,2.0,Homer,2556,59900,1900,,92,,Sold,,,https://www.redfin.com/NY/Cortland/2685-Route-13-13045/home/125419267,CNYIS,S1617756,N,Y,42.6681417,-76.0983
PAST SALE,June-28-2025,Single Family Residential,1990 Preble Rd,Preble,NY,13141,112500,3,1.0,Preble,1158,21539,1956,,97,,Sold,,,https://www.redfin.com/NY/Preble/1990-Preble-Rd-13141/home/125357535,CNYIS,S1601252,N,Y,42.7341371,-76.1437047
PAST SALE,May-19-2023,Single Family Residential,3 Fox Hollow Rd,Cortland,NY,13045,47500,3,1.0,Sunnyfield Slopes Sec 01,1758,7370,1972,,27,,Sold,,,https://www.redfin.com/NY/Cortland/3-Fox-Hollow-Rd-13045/home/125303657,UNYREIS,R1452338,N,Y,42.5890194,-76.1693657
PAST SALE,January-7-2025,Vacant Land,6856 Grout Brook Rd,Homer,NY,13077,43000,,,Scott,,73616,,,,,Sold,,,https://www.redfin.com/NY/Homer/6856-Grout-Brook-Rd-13077/home/125435445,CNYIS,S1575293,N,Y,42.7377812,-76.2636617
PAST SALE,June-17-2024,Single Family Residential,27 Lansing Ave,Cortland,NY,13045,220000,4,2.5,Cortland,2427,15300,1965,,91,,Sold,,,https://www.redfin.com/NY/Cortland/27-Lansing-Ave-13045/home/125358420,CNYIS,S1527533,N,Y,42.5872844,-76.1897501
PAST SALE,May-23-2023,Single Family Residential,186 Tompkins St,Cortland,NY,13045,160050,3,2.0,Cortlan,1402,9823,1930,,114,,Sold,,,https://www.redfin.com/NY/Cortland/186-Tompkins-St-13045/home/125467053,CNYIS,S1456940,N,Y,42.5897621,-76.193396
PAST SALE,August-28-2025,Single Family Residential,5 Brook Dr,Cortland,NY,13045,169229,3,1.0,Crestview Acres,1387,10500,1970,,122,,Sold,,,https://www.redfin.com/NY/Cortland/5-Brook-Dr-13045/home/125563081,CNYIS,S1619092,N,Y,42.5954763,-76.1588778
PAST SALE,September-12-2024,Single Family Residential,92 E Court St,Cortland,NY,13045,205000,3,2.0,Angelo Testa Estate,1408,7313,1900,,146,,Sold,,,https://www.redfin.com/NY/Cortland/92-E-Court-St-13045/home/125502519,CNYIS,S1543096,N,Y,42.5999086,-76.1678421
PAST SALE,November-8-2024,Single Family Residential,36 Pearl St,Cortland,NY,13045,165000,2,1.0,Cortland,860,5615,1951,,192,,Sold,,,https://www.redfin.com/NY/Cortland/36-Pearl-St-13045/home/125320009,CNYIS,S1559343,N,Y,42.5924358,-76.1939653
PAST SALE,August-20-2024,Vacant Land,00 4h Camp Rd,Solon,NY,13101,29500,,,Solon,,225641,,,,,Sold,,,https://www.redfin.com/NY/Solon/Camp-Rd-13101/home/190573560,CNYIS,S1533501,N,Y,42.638467,-76.040492
PAST SALE,July-10-2024,Single Family Residential,6 Excelsior St,Cortland,NY,13045,166000,3,1.5,Cortland,1440,4500,1890,,115,,Sold,,,https://www.redfin.com/NY/Cortland/6-Excelsior-St-13045/home/125307523,CNYIS,S1535264,N,Y,42.6030058,-76.1661193
PAST SALE,December-6-2024,Single Family Residential,135 Tompkins St,Cortland,NY,13045,158000,4,2.0,Cortland,1928,4757,1870,,82,,Sold,,,https://www.redfin.com/NY/Cortland/135-Tompkins-St-13045/home/125362542,CNYIS,S1553004,N,Y,42.5918004,-76.1891845
PAST SALE,June-30-2023,Single Family Residential,7396 Palmer Rd,Tully,NY,13159,300000,5,3.5,Preble,3500,30056,1950,,86,,Sold,,,https://www.redfin.com/NY/Tully/7396-Palmer-Rd-13159/home/189289692,CNYIS,S1468833,N,Y,42.764388,-76.14606
PAST SALE,October-1-2024,Single Family Residential,486 Nye Road Rd,Cortland,NY,13045,338000,4,2.0,Cortlandville,1809,71438,1975,,187,,Sold,,,https://www.redfin.com/NY/Cortland/486-Nye-Rd-13045/home/125397149,CNYIS,S1553020,N,Y,42.5437114,-76.2439064
PAST SALE,December-15-2023,Single Family Residential,3298 Wellington Dr,Cortland,NY,13045,385000,4,3.0,Walden Oaks Ph 03,2014,24639,2001,,191,4,Sold,,,https://www.redfin.com/NY/Cortland/3298-Wellington-Dr-13045/home/125555814,CNYIS,S1497726,N,Y,42.5672569,-76.2147259
PAST SALE,July-30-2024,Single Family Residential,82 Greenbush St,Cortland,NY,13045,190000,4,1.5,Cortland,1456,7405,1920,,130,,Sold,,,https://www.redfin.com/NY/Cortland/82-Greenbush-St-13045/home/125298390,CNYIS,S1537692,N,Y,42.5960808,-76.1754371
PAST SALE,September-1-2023,Condo/Co-op,1989 Alpha Cir Unit 10A,Cortland,NY,13045,150000,2,1.0,Arcadia Sub Sec 6,832,436,1977,,180,284,Sold,,,https://www.redfin.com/NY/Cortland/1989-Alpha-Cir-13045/unit-10A/home/125395073,CNYIS,S1481754,N,Y,42.5091349,-76.1429876
PAST SALE,January-25-2023,Single Family Residential,3692 State Route 13,Truxton,NY,13158,162000,5,2.0,John Oconnor,1890,11065,1900,,86,,Sold,,,https://www.redfin.com/NY/Truxton/3692-State-Route-13-13158/home/125584222,CNYIS,S1447633,N,Y,42.7118192,-76.0319298
PAST SALE,January-16-2025,Mobile/Manufactured Home,17 Front St,Cortland,NY,13045,162400,3,2.0,Cortland,1620,9000,1987,,100,,Sold,,,https://www.redfin.com/NY/Cortland/17-Front-St-13045/home/125453188,IBRMLS,R1573291,N,Y,42.6087891,-76.1778305
PAST SALE,October-31-2024,Single Family Residential,4759 State Route 41a,Niles,NY,13152,517000,3,2.5,Niles,1822,110642,1977,,284,,Sold,,,https://www.redfin.com/NY/Niles/4759-State-Route-41-13045/home/172361481,WNYREIS,B1565347,N,Y,42.592052,-76.12445
PAST SALE,June-22-2023,Single Family Residential,19 E Garfield St,Cortland,NY,13045,146260,3,1.5,Cortland,1428,5148,1890,,102,,Sold,,,https://www.redfin.com/NY/Cortland/19-E-Garfield-St-13045/home/125445690,CNYIS,S1463653,N,Y,42.6039167,-76.1625997
PAST SALE,August-1-2024,Single Family Residential,3755 Stillwell Rd,Mc Graw,NY,13101,154000,2,1.0,David S & Lisa M Bryson,1944,114127,1978,,79,,Sold,,,https://www.redfin.com/NY/Mc-Graw/3755-Stillwell-Rd-13101/home/125353358,CNYIS,S1538875,N,Y,42.5891175,-76.0458508
PAST SALE,April-12-2024,Single Family Residential,359 Divers Xing,Marathon,NY,13803,200000,4,2.0,Marathon,2274,26288,1952,,88,,Sold,,,https://www.redfin.com/NY/Marathon/359-Divers-Crossing-13803/home/125332310,CNYIS,S1520261,N,Y,42.42366,-76.0271096
PAST SALE,September-12-2023,Single Family Residential,2031 S Hill Rd,Cortland,NY,13045,220000,2,1.5,Alpine Acres,1176,58370,1970,,187,,Sold,,,https://www.redfin.com/NY/Cortland/2031-S-Hill-Rd-13045/home/125372396,CNYIS,S1479109,N,Y,42.5056668,-76.1558691
PAST SALE,November-20-2023,Single Family Residential,1976 Timmerman Rd,Cortland,NY,13045,650000,4,4.5,Virgil,4120,405108,1973,,158,,Sold,,,https://www.redfin.com/NY/Cortland/1976-Timmerman-Rd-13045/home/175904349,CNYIS,S1504013,N,Y,42.4996664,-76.1887668
PAST SALE,December-19-2025,Single Family Residential,10 E Academy St,Mc Graw,NY,13101,149000,3,1.0,Cortlandville,2310,9043,1900,,65,,Sold,,,https://www.redfin.com/NY/Mc-Graw/10-E-Academy-St-13101/home/125439977,CNYIS,S1640491,N,Y,42.5917649,-76.0928026
PAST SALE,January-29-2025,Single Family Residential,2060 Snyder Hill Rd,Cortland,NY,13045,85000,2,1.0,Virgil,1104,67082,1968,,77,,Sold,,,https://www.redfin.com/NY/Cortland/2060-Snyder-Hill-Rd-13045/home/125294905,CNYIS,S1578571,N,Y,42.5066368,-76.0946977
PAST SALE,July-29-2025,Mobile/Manufactured Home,301 Tim Hill Rd,Marathon,NY,13803,170000,4,2.0,Marathon,1400,87120,2013,,121,,Sold,,,https://www.redfin.com/NY/Marathon/301-Tim-Hill-Rd-13803/home/125506860,CNYIS,S1610683,N,Y,42.427655,-76.0426008
PAST SALE,June-5-2024,Single Family Residential,58 Madison St,Cortland,NY,13045,41000,3,2.0,Cortland,1320,3600,1890,,31,,Sold,,,https://www.redfin.com/NY/Cortland/58-Madison-St-13045/home/125462677,GBAOR,324478,N,Y,42.6044296,-76.1861243
PAST SALE,September-29-2023,Single Family Residential,3829 State Route 221,Marathon,NY,13803,178000,4,2.5,Marathon,1960,30378,1973,,91,,Sold,,,https://www.redfin.com/NY/Marathon/3829-State-Route-221-13803/home/125340928,CNYIS,S1485455,N,Y,42.4469924,-76.0229163
PAST SALE,October-16-2024,Single Family Residential,447 Surrey Dr,Cortland,NY,13045,256000,3,2.5,Cortlandville,2024,33155,2003,,126,,Sold,,,https://www.redfin.com/NY/Cortland/447-Surrey-Dr-13045/home/125358829,CNYIS,S1555662,N,Y,42.5779241,-76.2449226
PAST SALE,May-29-2024,Single Family Residential,8 York St,Cortland,NY,13045,157500,4,2.0,Cortland,1726,6840,1880,,91,,Sold,,,https://www.redfin.com/NY/Cortland/8-York-St-13045/home/125450867,CNYIS,S1517563,N,Y,42.5910345,-76.1927081
PAST SALE,July-24-2024,Single Family Residential,755 Bowling Green Rd,Cortland,NY,13045,310000,3,2.0,Cortlandville,1374,10800,1972,,226,,Sold,,,https://www.redfin.com/NY/Cortland/755-Bowling-Green-Rd-13045/home/125513415,CNYIS,S1542574,N,Y,42.5844575,-76.2249497
PAST SALE,May-31-2024,Single Family Residential,15 Yong St,Cortland,NY,13045,217500,3,1.0,Earl L Utter Lands,1899,7533,1949,,115,,Sold,,,https://www.redfin.com/NY/Cortland/15-Yong-St-13045/home/125354182,CNYIS,S1523955,N,Y,42.6066062,-76.1965247
PAST SALE,September-19-2025,Single Family Residential,26 Helen Ave,Cortland,NY,13045,130000,2,1.0,Rebecca Tucker,576,8276,1951,,226,,Sold,,,https://www.redfin.com/NY/Cortland/26-Helen-Ave-13045/home/125443590,CNYIS,S1628429,N,Y,42.6030299,-76.1942574
PAST SALE,July-31-2023,Single Family Residential,6556 Route 91,East Homer,NY,13158,205000,4,1.5,Truxton,1520,1306800,1880,,135,,Sold,,,https://www.redfin.com/NY/East-Homer/6556-13158/home/189289780,CNYIS,S1467979,N,Y,42.724375,-76.02692
PAST SALE,January-5-2026,Vacant Land,2363 W State Route 221,Marathon,NY,13803,155000,,,Lapeer,,1968476,,,,,Sold,,,https://www.redfin.com/NY/Marathon/2363-State-Route-221-13803/home/125317790,CNYIS,S1635182,N,Y,42.432165,-76.119529
PAST SALE,November-14-2024,Mobile/Manufactured Home,4439 N Tower Rd,Cincinnatus,NY,13040,150000,3,2.0,Solon,1680,87120,1998,,89,,Sold,,,https://www.redfin.com/NY/Cincinnatus/4439-N-Tower-Rd-13040/home/125373646,CNYIS,S1551529,N,Y,42.6216964,-76.0110022
PAST SALE,September-10-2025,Multi-Family (2-4 Unit),33 Cortland St,Homer,NY,13077,250000,5,3.0,Homer,2640,12669,1850,,95,,Sold,,,https://www.redfin.com/NY/Homer/33-Cortland-St-13077/home/125333106,CNYIS,S1610006,N,Y,42.6333475,-76.1826079
PAST SALE,November-17-2025,Condo/Co-op,1150 The Park Unit D,Cortland,NY,13045,200000,2,2.0,Village Park Condo,1256,4792,1987,,159,273,Sold,,,https://www.redfin.com/NY/Cortland/1150-The-Park-13045/unit-D/home/125299733,CNYIS,S1638410,N,Y,42.5850453,-76.198672
PAST SALE,November-16-2023,Single Family Residential,7380 Palmer Rd,Tully,NY,13159,530000,3,2.0,Brevett Tract,1508,18295,1955,,351,,Sold,,,https://www.redfin.com/NY/Tully/7380-Palmer-Rd-13159/home/125315585,CNYIS,S1491047,N,Y,42.7636376,-76.145743
PAST SALE,May-19-2025,Vacant Land,6036 Melody Lake Rd,Willet,NY,13863,276000,3,1.0,Melody Lake Sub #2,1200,21870,2003,,230,,Sold,,,https://www.redfin.com/NY/Willet/6036-Melody-Lake-Rd-13863/home/125527135,CNYIS,S1593765,N,Y,42.4694145,-75.8771471
PAST SALE,July-17-2023,Single Family Residential,124 Clinton Ave,Cortland,NY,13045,146000,2,1.5,Cortland,1137,9431,1915,,128,,Sold,,,https://www.redfin.com/NY/Cortland/124-Clinton-Ave-13045/home/125295783,CNYIS,S1462657,N,Y,42.6057209,-76.1701335
PAST SALE,September-19-2025,Single Family Residential,1219 Louise Dr,Cortland,NY,13045,220500,2,1.0,Cortlandville,1040,9147,1956,,212,,Sold,,,https://www.redfin.com/NY/Cortland/1219-Louise-Dr-13045/home/125380627,CNYIS,S1626057,N,Y,42.5852462,-76.1943355
PAST SALE,September-23-2024,Single Family Residential,132 Tompkins St,Cortland,NY,13045,245000,4,1.5,Cortland,2341,15019,1893,,105,,Sold,,,https://www.redfin.com/NY/Cortland/132-Tompkins-St-13045/home/125414096,CNYIS,S1548525,N,Y,42.5923968,-76.1891575
PAST SALE,April-30-2024,Single Family Residential,4329 Alexandria Dr,Cortland,NY,13045,305990,3,3.0,Cortlandville,1960,19166,1971,,156,,Sold,,,https://www.redfin.com/NY/Cortland/4329-Alexandria-Dr-13045/home/125355962,CNYIS,S1523155,N,Y,42.6161861,-76.1979125
PAST SALE,October-24-2025,Single Family Residential,7528 Song Lake Rd,Tully,NY,13159,755000,3,3.0,Preble,2388,33977,1994,,316,,Sold,,,https://www.redfin.com/NY/Tully/7528-Song-Lake-Rd-13159/home/108362338,CNYIS,S1628894,N,Y,42.7701839,-76.1506806
PAST SALE,October-8-2024,Single Family Residential,3760 Mcgraw Marathon Rd,Mc Graw,NY,13101,235000,3,1.5,Cortlandville,1852,68825,1970,,127,,Sold,,,https://www.redfin.com/NY/Mc-Graw/3760-McGraw-Marathon-Rd-13101/home/125272193,CNYIS,S1552534,N,Y,42.5883129,-76.0830161
PAST SALE,May-25-2023,Single Family Residential,71 Van Hoesen St,Cortland,NY,13045,149800,3,1.5,Benedict Bushby & Richard,984,4396,1900,,152,,Sold,,,https://www.redfin.com/NY/Cortland/71-Van-Hoesen-St-13045/home/125553831,CNYIS,S1461095,N,Y,42.6070505,-76.191191
PAST SALE,October-31-2024,Single Family Residential,4705 Gee Rd,Cincinnatus,NY,13040,293000,5,2.0,Cincinnatus,2368,4324201,1880,,124,,Sold,,,https://www.redfin.com/NY/Cincinnatus/4705-Gee-Brook-Rd-13040/home/125293545,GBAOR,327050,N,Y,42.497907,-75.964558
PAST SALE,February-21-2025,Mobile/Manufactured Home,1050 Albro Rd,Marathon,NY,13803,160000,3,2.0,Marathon,1344,179032,1992,,119,,Sold,,,https://www.redfin.com/NY/Marathon/1050-Albro-Rd-13803/home/125370326,CNYIS,S1574410,N,Y,42.4584997,-76.0351727
PAST SALE,November-4-2024,Single Family Residential,44 Madison St,Cortland,NY,13045,247500,3,1.5,Cortland,2082,5835,1890,,119,,Sold,,,https://www.redfin.com/NY/Cortland/44-Madison-St-13045/home/125375734,CNYIS,S1561461,N,Y,42.604594,-76.184268
PAST SALE,September-15-2025,Single Family Residential,1600 Texas Valley Rd Rd,Marathon,NY,13803,150000,3,1.0,Marathon,1152,55321,1976,,130,,Sold,,,https://www.redfin.com/NY/Marathon/1600-Texas-Valley-Rd-13803/home/125449145,IBRMLS,R1621499,N,Y,42.4851026,-75.9729542
PAST SALE,June-26-2024,Single Family Residential,7 Ellwood Ave,Cortland,NY,13045,192000,2,1.0,Cortland,1524,12375,1942,,126,,Sold,,,https://www.redfin.com/NY/Cortland/7-Ellwood-Ave-13045/home/191754909,CNYIS,S1530889,N,Y,42.5995468,-76.196373
PAST SALE,December-27-2024,Single Family Residential,405 Hatfield Hill Rd,Cortland,NY,13045,440000,3,2.0,Homer,1732,941767,1991,,254,,Sold,,,https://www.redfin.com/NY/Cortland/405-Hatfield-Rd-13045/home/125395132,CNYIS,S1570998,N,Y,42.6262206,-76.2483265
PAST SALE,January-3-2025,Mobile/Manufactured Home,7276 Oil Mill Rd,De Ruyter,NY,13052,47000,3,1.0,Cuyler,1104,64469,1973,,43,,Sold,,,https://www.redfin.com/NY/De-Ruyter/7276-Oil-Mill-Rd-13052/home/125277510,CNYIS,S1574836,N,Y,42.7592431,-75.8981397
PAST SALE,September-16-2024,Single Family Residential,8 Brown Ave,Cortland,NY,13045,205000,3,1.0,Thomas E Griffin,1260,7259,1914,,163,,Sold,,,https://www.redfin.com/NY/Cortland/8-Brown-Ave-13045/home/125462713,CNYIS,S1547451,N,Y,42.6065807,-76.1841657
PAST SALE,June-24-2025,Single Family Residential,7516 Friendly Ln,Tully,NY,13159,300000,3,3.0,Friendly Shores,1752,23087,1972,,171,,Sold,,,https://www.redfin.com/NY/Tully/7516-Friendly-Ln-13159/home/125514399,CNYIS,S1607595,N,Y,42.7705626,-76.1335581
PAST SALE,September-9-2025,Vacant Land,6720 Haights Gulf Rd,Cortland,NY,13045,189000,,,Truxton,,3090582,,,,,Sold,,,https://www.redfin.com/NY/Cortland/6720-Haights-Gulf-Rd-13045/home/125550897,CNYIS,S1611641,N,Y,42.7326952,-76.0727536
PAST SALE,December-26-2023,Single Family Residential,8 Atkins Ave,Cortland,NY,13045,160000,3,1.0,Cortland,1813,8100,1920,,88,,Sold,,,https://www.redfin.com/NY/Cortland/8-Atkins-Ave-13045/home/125406603,CNYIS,S1504327,N,Y,42.5989677,-76.1984974
PAST SALE,September-29-2023,Single Family Residential,14 Brown Ave,Cortland,NY,13045,185000,3,2.5,Cortland,1712,8388,1910,,108,,Sold,,,https://www.redfin.com/NY/Cortland/14-Brown-Ave-13045/home/125453048,CNYIS,S1477777,N,Y,42.6069827,-76.1846061
PAST SALE,October-24-2023,Vacant Land,2774 Maricle Rd,Cincinnatus,NY,13040,157000,3,2.0,Christmas & Assoc Inc,1008,2423678,2011,,156,,Sold,,,https://www.redfin.com/NY/Cincinnatus/2774-Maricle-Rd-13040/home/125531700,CNYIS,S1493616,N,Y,42.5433584,-75.9814998
PAST SALE,July-27-2023,Single Family Residential,1039 Texas Valley Rd,Marathon,NY,13803,225000,3,2.0,Marathon,1790,46174,1971,,126,,Sold,,,https://www.redfin.com/NY/Marathon/1039-Texas-Valley-Rd-13803/home/125516687,CNYIS,S1473314,N,Y,42.4586447,-75.9891857
PAST SALE,January-4-2024,Single Family Residential,3652 Pendleton Street Ext St,Cortland,NY,13045,84000,3,1.0,Cortland,1128,11761,1987,,74,,Sold,,,https://www.redfin.com/NY/Cortland/3652-Pendleton-Street-Ext-13045/home/125324347,CNYIS,S1508330,N,Y,42.5840589,-76.1701164
PAST SALE,October-8-2024,Single Family Residential,1 Regina Dr,Cortland,NY,13045,170000,3,2.0,Cortland,1303,31138,1979,,130,,Sold,,,https://www.redfin.com/NY/Cortland/1-Regina-Dr-13045/home/125362800,CNYIS,S1551207,N,Y,42.6030512,-76.1629543
PAST SALE,April-10-2025,Vacant Land,0 Briar Hill Rd,Homer,NY,13077,49000,,,Homer,,100624,,,,,Sold,,,https://www.redfin.com/NY/Homer/Briarhill-Rd-13045/home/177842719,CNYIS,S1586505,N,Y,42.634185,-76.213837
PAST SALE,August-5-2024,Single Family Residential,4290 Locust Ave,Cortland,NY,13045,140000,2,2.0,Cortlandville,1888,51836,1843,,74,,Sold,,,https://www.redfin.com/NY/Cortland/4290-Locust-Ave-13045/home/125474861,CNYIS,S1545404,N,Y,42.6143132,-76.166336
PAST SALE,April-26-2024,Single Family Residential,2129 Darius Dr Unit 17G,Cortland,NY,13045,175000,2,1.5,Arcadia Sub Sec V,1116,871,1980,,157,422,Sold,,,https://www.redfin.com/NY/Cortland/2129-Darius-Dr-13045/unit-17G/home/125462262,CNYIS,S1521804,N,Y,42.5101532,-76.1433876
PAST SALE,July-31-2025,Single Family Residential,25 Morningside Dr,Cortland,NY,13045,350000,3,2.5,Cortland,1654,34004,1959,,212,,Sold,,,https://www.redfin.com/NY/Cortland/25-Morningside-Dr-13045/home/125345760,CNYIS,S1612568,N,Y,42.6137969,-76.159455
PAST SALE,October-1-2024,Single Family Residential,1179 Blue Creek Rd,Cortland,NY,13045,245000,4,2.0,Cortlandville,1656,18781,1957,,148,,Sold,,,https://www.redfin.com/NY/Cortland/1179-Blue-Creek-Rd-13045/home/125570445,CNYIS,S1551813,N,Y,42.6151063,-76.1971644
PAST SALE,March-15-2023,Single Family Residential,14 Morningside Dr,Cortland,NY,13045,200000,3,2.0,Morningside Drive,1696,11325,1958,,118,,Sold,,,https://www.redfin.com/NY/Cortland/14-Morningside-Dr-13045/home/125270375,CNYIS,S1451298,N,Y,42.6137409,-76.1608867
PAST SALE,June-30-2025,Single Family Residential,5995 Loomis Rd,De Ruyter,NY,13052,150000,3,1.0,Taylor,1370,348480,1900,,109,,Sold,,,https://www.redfin.com/NY/De-Ruyter/5995-Loomis-Rd-13052/home/125518451,IBRMLS,R1597844,N,Y,42.5987625,-75.8792507
PAST SALE,April-15-2025,Single Family Residential,725 Hawley Pl,Harford,NY,13784,151000,2,1.0,Harford,955,11300,1880,,158,,Sold,,,https://www.redfin.com/NY/Harford/725-Hawley-Pl-13784/home/125386254,IBRMLS,R1585904,N,Y,42.425958,-76.22633
PAST SALE,June-16-2023,Single Family Residential,25 Cowance St,Cortland,NY,13045,196025,4,1.5,Scotholm Tr,1323,10000,1957,,148,,Sold,,,https://www.redfin.com/NY/Cortland/25-Cowance-St-13045/home/125560487,CNYIS,S1469209,N,Y,42.6046003,-76.199135
PAST SALE,May-23-2023,Single Family Residential,4050 Westmore Ln,Cortland,NY,13045,375000,3,2.0,Westmore,1682,21027,1961,,223,,Sold,,,https://www.redfin.com/NY/Cortland/4050-Westmore-Ln-13045/home/125467919,CNYIS,S1456803,N,Y,42.6029827,-76.207772
PAST SALE,April-19-2024,Single Family Residential,3646 Pendleton Street Ext,Cortland,NY,13045,129000,2,1.0,Cortland,936,20473,1965,,138,,Sold,,,https://www.redfin.com/NY/Cortland/3646-Pendleton-Street-Ext-13045/home/125321460,CNYIS,S1521875,N,Y,42.5837353,-76.1701489
PAST SALE,October-3-2023,Multi-Family (2-4 Unit),4 Mill St,Marathon,NY,13083,140000,6,4.0,Marathon,2112,,1900,,66,,Sold,,,https://www.redfin.com/NY/Marathon/4-Mill-ST-13083/home/185871386,CNYIS,S1479978,N,Y,42.440595,-76.035978
PAST SALE,October-8-2024,Vacant Land,1229 Muster Rd,Marathon,NY,13803,10000,3,1.0,Town/Lapeer,715,8750,1963,,14,,Sold,,,https://www.redfin.com/NY/Marathon/1229-Muster-Rd-13803/home/125531051,CNYIS,S1551496,N,Y,42.4677364,-76.0614854
PAST SALE,May-3-2023,Vacant Land,"1247,1249 Route 26",Willet,NY,13863,150000,,,Willet,,4356000,,,,,Sold,,,https://www.redfin.com/NY/Willet/1247-Rt-26-13863/unit-1249/home/125409360,CNYIS,S1459675,N,Y,42.4676978,-75.9126589
PAST SALE,July-26-2024,Single Family Residential,2260 Gee Hill Rd,Dryden,NY,13053,257500,2,2.0,Virgil,1044,36154,1970,,247,,Sold,,,https://www.redfin.com/NY/Dryden/2260-Gee-Hill-Rd-13053/home/125352645,CNYIS,S1542297,N,Y,42.5191531,-76.2516484
PAST SALE,November-14-2024,Vacant Land,38 Prospect St,Homer,NY,13077,30000,,,Homer,,9583,,,,,Sold,,,https://www.redfin.com/NY/Homer/38-Prospect-St-13077/home/125540053,CNYIS,S1526972,N,Y,42.6418935,-76.1906133
PAST SALE,September-22-2025,Single Family Residential,1358 Conrad Rd,Marathon,NY,13803,31070,5,1.0,Marathon,2451,43560,1900,,13,,Sold,,,https://www.redfin.com/NY/Marathon/1358-Conrad-Rd-13803/home/125384401,CNYIS,S1609135,N,Y,42.4730088,-76.0227011
PAST SALE,June-18-2024,Multi-Family (2-4 Unit),2865 Webb Rd,Cortland,NY,13045,167000,3,2.0,Virgil,2197,34848,1855,,76,,Sold,,,https://www.redfin.com/NY/Cortland/2865-Webb-Rd-13045/unit-2/home/181769558,CNYIS,S1531272,N,Y,42.5461896,-76.2385186
PAST SALE,October-16-2024,Single Family Residential,26 William St,Cortland,NY,13045,191000,3,1.5,Cortlandville,1400,7511,1940,,136,,Sold,,,https://www.redfin.com/NY/Cortland/26-William-St-13045/home/125311289,CNYIS,S1553627,N,Y,42.5966831,-76.1766757
PAST SALE,August-11-2025,Single Family Residential,5754 Cheningo Solon Pond Rd,Cincinnatus,NY,13040,217000,3,2.0,Truxton,1414,168577,1974,,153,,Sold,,,https://www.redfin.com/NY/Cincinnatus/5754-Cheningo-Solon-Pond-Rd-13040/home/125492265,CNYIS,S1605352,N,Y,42.662364,-75.9822556
PAST SALE,October-31-2025,Single Family Residential,6316 Route 11,Homer,NY,13077,195000,2,1.0,Preble,1056,69696,1967,,185,,Sold,,,https://www.redfin.com/NY/Homer/6316-U-S-11-13077/home/197180633,CNYIS,S1630601,N,Y,42.7124084,-76.1385543
PAST SALE,October-25-2024,Single Family Residential,2146 E River Rd,Cortland,NY,13045,300000,3,2.0,Homer,1456,442569,2005,,206,,Sold,,,https://www.redfin.com/NY/Cortland/2146-E-River-Rd-13045/home/125410893,CNYIS,S1553621,N,Y,42.6350075,-76.1331505
PAST SALE,August-30-2024,Single Family Residential,11 Grove St,Homer,NY,13077,150000,3,1.5,Homer,1526,9643,1880,,98,,Sold,,,https://www.redfin.com/NY/Homer/11-Grove-St-13077/home/125459997,CNYIS,S1545181,N,Y,42.6375115,-76.1858844
PAST SALE,October-2-2025,Single Family Residential,780 Hart Dr,Cortland,NY,13045,330000,4,3.0,Hart Estates Sec 1,2318,51401,1969,,142,,Sold,,,https://www.redfin.com/NY/Cortland/780-Hart-Dr-13045/home/125430461,CNYIS,S1626754,N,Y,42.5996398,-76.2233408
PAST SALE,December-29-2023,Single Family Residential,3350 Pine Rd,Marathon,NY,13803,135000,3,2.0,Marathon,1920,,1987,,70,,Sold,,,https://www.redfin.com/NY/Marathon/3350-Pine-Hill-Rd-13803/home/125396046,GBAOR,323909,N,Y,42.4818855,-76.0529633
PAST SALE,September-15-2025,Single Family Residential,8 Fifth Ave,Cortland,NY,13045,170000,3,2.0,Cortland,1438,9513,1927,,118,,Sold,,,https://www.redfin.com/NY/Cortland/8-5th-Ave-13045/home/125546204,CNYIS,S1615460,N,Y,42.6088797,-76.1924518
PAST SALE,December-13-2024,Single Family Residential,6889 State Route 281,Preble,NY,13141,206000,4,1.5,Preble,1856,39204,1880,,111,,Sold,,,https://www.redfin.com/NY/Preble/6889-State-Route-281-13141/home/125514623,CNYIS,S1573121,N,Y,42.7367459,-76.148505
PAST SALE,March-17-2025,Single Family Residential,71 Randall St,Cortland,NY,13045,155000,2,1.0,Greater Cortland Co,900,5500,1940,,172,,Sold,,,https://www.redfin.com/NY/Cortland/71-Randall-St-13045/home/125327090,CNYIS,S1583149,N,Y,42.5949297,-76.1726514
PAST SALE,August-22-2024,Single Family Residential,80 Greenbush St,Cortland,NY,13045,169900,3,1.5,Cortland,1218,4791,1940,,139,,Sold,,,https://www.redfin.com/NY/Cortland/80-Greenbush-St-13045/home/125297800,CNYIS,S1542825,N,Y,42.5961951,-76.1754531
PAST SALE,February-2-2024,Single Family Residential,1129 Conrad Rd,Marathon,NY,13803,168500,3,2.0,Marathon,1152,45738,1979,,146,,Sold,,,https://www.redfin.com/NY/Marathon/1129-Conrad-Rd-13803/home/125269239,CNYIS,S1510882,N,Y,42.4624228,-76.0291613
PAST SALE,August-15-2024,Single Family Residential,72 S West St,Cortland,NY,13045,93000,2,1.0,Homer,864,10714,1960,,108,,Sold,,,https://www.redfin.com/NY/Cortland/72-S-West-St-13045/home/125488970,CNYIS,S1544561,N,Y,42.6321292,-76.191103
PAST SALE,February-10-2025,Single Family Residential,2885 S Cortland Virgil Rd,Cortland,NY,13045,395000,4,3.0,Virgil,3296,435164,2015,,120,,Sold,,,https://www.redfin.com/NY/Cortland/2885-S-Cortland-Virgil-Rd-13045/home/125349910,CNYIS,S1579788,N,Y,42.5463363,-76.2114388
PAST SALE,April-14-2023,Vacant Land,1375 Simon Rd,Homer,NY,13077,35000,,,Scott,,130680,,,,,Sold,,,https://www.redfin.com/NY/Homer/1375-Simon-Rd-13077/home/125375207,CNYIS,S1456073,N,Y,42.719907,-76.182667
PAST SALE,March-7-2025,Single Family Residential,2 Glyndon Ave,Cortland,NY,13045,197000,2,1.0,Cortland,952,5507,1950,,207,,Sold,,,https://www.redfin.com/NY/Cortland/2-Glyndon-Ave-13045/home/125300630,CNYIS,S1585122,N,Y,42.6083806,-76.1967097
